{
  "gpu": "NVIDIA L20",
  "operator": "longspec_irregular_tree_attention",
  "reports": [
    {
      "batch": 1,
      "block_t": 128,
      "branch": 4,
      "cached_length": 4096,
      "draft_length": 32,
      "mask": {
        "density": 0.109375,
        "max_depth": 4,
        "mean_depth": 2.5,
        "mean_visible_draft_tokens": 3.5,
        "parent": [
          -1,
          0,
          0,
          0,
          1,
          4,
          2,
          2,
          0,
          5,
          1,
          1,
          1,
          6,
          6,
          10,
          2,
          2,
          16,
          11,
          8,
          20,
          4,
          7,
          18,
          20,
          16,
          3,
          4,
          15,
          5,
          18
        ]
      },
      "monolithic_correct": true,
      "monolithic_max_abs_error": 6.103515625e-05,
      "monolithic_ms": 0.3976448059082031,
      "monolithic_speedup_vs_torch_dense": 1.4623060489139508,
      "page_order": "contiguous",
      "paged_correct": true,
      "paged_max_abs_error": 6.103515625e-05,
      "paged_ms": 0.34004480838775636,
      "paged_speedup_vs_torch_dense": 1.7100052424141525,
      "paged_vs_monolithic": 1.169389433685354,
      "paged_vs_split": 0.9513652327608745,
      "split_correct": true,
      "split_max_abs_error": 6.103515625e-05,
      "split_ms": 0.3235068082809448,
      "split_speedup_vs_torch_dense": 1.7974224656619988,
      "split_vs_monolithic": 1.2291698218693259,
      "torch_dense_ms": 0.5814784049987793,
      "tree": "random"
    }
  ],
  "schema_version": 1
}
