{
  "baseline_apply_penalty_then_topk_topp": {
    "median_ms": 0.19152000546455383,
    "p10_ms": 0.1907840073108673,
    "p90_ms": 0.19206400215625763,
    "samples_ms": [
      0.19129599630832672,
      0.19152000546455383,
      0.19129599630832672,
      0.19103999435901642,
      0.1916159987449646,
      0.19100800156593323,
      0.19123199582099915,
      0.19180800020694733,
      0.19046400487422943,
      0.19206400215625763,
      0.19206400215625763,
      0.1910720020532608,
      0.19152000546455383,
      0.1907840073108673,
      0.1919039934873581,
      0.18969599902629852,
      0.19100800156593323,
      0.1907840073108673,
      0.19155199825763702,
      0.19120000302791595,
      0.19164800643920898,
      0.1910720020532608,
      0.19180800020694733,
      0.19126400351524353,
      0.19209599494934082,
      0.19177600741386414,
      0.19200000166893005,
      0.19203199446201324,
      0.19152000546455383,
      0.19167999923229218,
      0.19177600741386414,
      0.19123199582099915,
      0.19152000546455383,
      0.19203199446201324,
      0.19171200692653656,
      0.19171200692653656,
      0.19120000302791595,
      0.19097599387168884,
      0.19206400215625763,
      0.19100800156593323,
      0.19193600118160248,
      0.1907840073108673,
      0.19046400487422943,
      0.19280000030994415,
      0.19152000546455383,
      0.19174399971961975,
      0.19180800020694733,
      0.19068799912929535,
      0.28140801191329956,
      0.191103994846344,
      0.1905599981546402,
      0.19011199474334717,
      0.1921280026435852,
      0.19097599387168884,
      0.19100800156593323,
      0.19100800156593323,
      0.19254399836063385,
      0.19193600118160248,
      0.19148799777030945,
      0.19232000410556793
    ]
  },
  "cpu_roundtrip_reference": {
    "median_ms": 3054.7866010165308,
    "p10_ms": 2994.1125409677625,
    "p90_ms": 3197.890838026069,
    "samples_ms": [
      2994.1125409677625,
      2994.4119410356507,
      3197.890838026069,
      3009.1811300371774,
      3291.5915199555457,
      3100.392071995884
    ]
  },
  "fused_penalty_topk_topp": {
    "median_ms": 0.1406719982624054,
    "p10_ms": 0.13923199474811554,
    "p90_ms": 0.14176000654697418,
    "samples_ms": [
      0.14246399700641632,
      0.14102399349212646,
      0.1403840035200119,
      0.13996799290180206,
      0.1409280002117157,
      0.14102399349212646,
      0.1406719982624054,
      0.13884800672531128,
      0.14127999544143677,
      0.1406719982624054,
      0.14000000059604645,
      0.13913600146770477,
      0.14028799533843994,
      0.13945600390434265,
      0.14182400703430176,
      0.1409599930047989,
      0.1409599930047989,
      0.14000000059604645,
      0.14176000654697418,
      0.13971200585365295,
      0.14179199934005737,
      0.13945600390434265,
      0.141184002161026,
      0.13971200585365295,
      0.14156800508499146,
      0.13990400731563568,
      0.14076800644397736,
      0.13897599279880524,
      0.14108799397945404,
      0.13974399864673615,
      0.14230400323867798,
      0.13990400731563568,
      0.14009599387645721,
      0.1393280029296875,
      0.1408960074186325,
      0.1409599930047989,
      0.1408960074186325,
      0.13993600010871887,
      0.14185599982738495,
      0.14009599387645721,
      0.14105600118637085,
      0.1390720009803772,
      0.14070400595664978,
      0.1390720009803772,
      0.14115199446678162,
      0.13967999815940857,
      0.14156800508499146,
      0.13894400000572205,
      0.14079999923706055,
      0.14028799533843994,
      0.14083200693130493,
      0.13955199718475342,
      0.14079999923706055,
      0.13955199718475342,
      0.14233599603176117,
      0.13923199474811554,
      0.14166399836540222,
      0.13942399621009827,
      0.1412159949541092,
      0.139615997672081
    ]
  },
  "hardware": "NVIDIA A100-SXM4-80GB",
  "launch": {
    "block_vocab": 2048,
    "blocks_per_row": 75,
    "num_stages": 1,
    "num_warps": 8,
    "strategy": "two_stage_topk_topp_from_uniform"
  },
  "penalties": {
    "frequency_penalty": 0.1,
    "presence_penalty": 0.1,
    "repetition_penalty": 1.05
  },
  "ratios": {
    "fused_speedup_vs_apply_then_sample": 1.3614650238158845,
    "fused_speedup_vs_cpu_roundtrip": 21715.669349618693,
    "fused_speedup_vs_torch_reference": 1.4112830493992905
  },
  "rounds": 60,
  "schema_version": 1,
  "shape": {
    "batch": 1,
    "dtype": "float16",
    "history_tokens": 128,
    "temperature": 0.8,
    "top_k": 50,
    "top_p": 0.9,
    "vocab": 151936
  },
  "torch_reference": {
    "median_ms": 0.1985280066728592,
    "p10_ms": 0.1974720060825348,
    "p90_ms": 0.19964799284934998,
    "samples_ms": [
      0.1987520009279251,
      0.19884799420833588,
      0.19926400482654572,
      0.199072003364563,
      0.1982720047235489,
      0.1979839950799942,
      0.1982080042362213,
      0.19939200580120087,
      0.19840000569820404,
      0.1972160041332245,
      0.19871999323368073,
      0.1998080015182495,
      0.19865599274635315,
      0.19750399887561798,
      0.19763199985027313,
      0.19952000677585602,
      0.1987839937210083,
      0.1974720060825348,
      0.1992959976196289,
      0.19945600628852844,
      0.19788800179958344,
      0.19782400131225586,
      0.1985280066728592,
      0.19926400482654572,
      0.2019840031862259,
      0.19913600385189056,
      0.19782400131225586,
      0.19942399859428406,
      0.19776000082492828,
      0.19888000190258026,
      0.1985280066728592,
      0.19990399479866028,
      0.1982080042362213,
      0.19756799936294556,
      0.19942399859428406,
      0.19913600385189056,
      0.19830399751663208,
      0.19705599546432495,
      0.1977279931306839,
      0.1990080028772354,
      0.19737599790096283,
      0.19753600656986237,
      0.1977279931306839,
      0.1998720020055771,
      0.1976960003376007,
      0.19705599546432495,
      0.19894400238990784,
      0.19891199469566345,
      0.1982720047235489,
      0.19670400023460388,
      0.19843199849128723,
      0.19948799908161163,
      0.1972160041332245,
      0.19830399751663208,
      0.19788800179958344,
      0.19964799284934998,
      0.197952002286911,
      0.19859200716018677,
      0.1998399943113327,
      0.1998720020055771
    ]
  },
  "warmup": 30
}
