{
  "baseline_apply_penalty_then_topk_topp": {
    "median_ms": 0.23339200019836426,
    "p10_ms": 0.23238399624824524,
    "p90_ms": 0.2349119931459427,
    "samples_ms": [
      0.23526400327682495,
      0.23449599742889404,
      0.2341119945049286,
      0.2349119931459427,
      0.23523199558258057,
      0.2332800030708313,
      0.23555199801921844,
      0.23235200345516205,
      0.23395200073719025,
      0.23375999927520752,
      0.23475199937820435,
      0.23190400004386902,
      0.23443199694156647,
      0.23289600014686584,
      0.23283199965953827,
      0.2327360063791275,
      0.234047994017601,
      0.23440000414848328,
      0.23369599878787994,
      0.2349119931459427,
      0.23270399868488312,
      0.2338239997625351,
      0.23311999440193176,
      0.23343999683856964,
      0.23420800268650055,
      0.2333119958639145,
      0.23395200073719025,
      0.23472000658512115,
      0.23363199830055237,
      0.23638400435447693,
      0.23334400355815887,
      0.23430399596691132,
      0.2325119972229004,
      0.2321919947862625,
      0.23318399488925934,
      0.23494400084018707,
      0.23334400355815887,
      0.23286400735378265,
      0.23446400463581085,
      0.23238399624824524,
      0.23315200209617615,
      0.23315200209617615,
      0.23283199965953827,
      0.23311999440193176,
      0.23190400004386902,
      0.2327679991722107,
      0.2324800044298172,
      0.2343679964542389,
      0.233024001121521,
      0.23337599635124207,
      0.2327679991722107,
      0.23417599499225616,
      0.23260800540447235,
      0.23209600150585175,
      0.23343999683856964,
      0.23280000686645508,
      0.23350399732589722,
      0.23209600150585175,
      0.23340800404548645,
      0.2340800017118454
    ]
  },
  "cpu_roundtrip_reference": {
    "median_ms": 3457.571671489859,
    "p10_ms": 1599.9170540017076,
    "p90_ms": 3898.2291679712944,
    "samples_ms": [
      3898.2291679712944,
      3998.763495008461,
      3704.0152169647627,
      3211.1281260149553,
      1695.3986190492287,
      1599.9170540017076
    ]
  },
  "fused_penalty_topk_topp": {
    "median_ms": 0.16473599523305893,
    "p10_ms": 0.16303999722003937,
    "p90_ms": 0.16617600619792938,
    "samples_ms": [
      0.16393600404262543,
      0.16579200327396393,
      0.16371199488639832,
      0.16595199704170227,
      0.16303999722003937,
      0.16467200219631195,
      0.16419200599193573,
      0.16592000424861908,
      0.16291199624538422,
      0.16524800658226013,
      0.1632000058889389,
      0.16495999693870544,
      0.16624000668525696,
      0.16527999937534332,
      0.16415999829769135,
      0.1658879965543747,
      0.16339200735092163,
      0.16620799899101257,
      0.1624000072479248,
      0.16604800522327423,
      0.16300800442695618,
      0.16598400473594666,
      0.16476799547672272,
      0.16572800278663635,
      0.1637440025806427,
      0.16515199840068817,
      0.16556799411773682,
      0.16617600619792938,
      0.16259199380874634,
      0.16460800170898438,
      0.16412800550460815,
      0.1658879965543747,
      0.16550399363040924,
      0.16329599916934967,
      0.16441600024700165,
      0.16672000288963318,
      0.1648319959640503,
      0.16547200083732605,
      0.16492800414562225,
      0.16592000424861908,
      0.16435199975967407,
      0.16540800034999847,
      0.1640319973230362,
      0.16627199947834015,
      0.16211199760437012,
      0.1664000004529953,
      0.16339200735092163,
      0.16406400501728058,
      0.16339200735092163,
      0.16495999693870544,
      0.16409599781036377,
      0.1658560037612915,
      0.16412800550460815,
      0.16515199840068817,
      0.16470399498939514,
      0.16412800550460815,
      0.16303999722003937,
      0.16361600160598755,
      0.16313600540161133,
      0.16662399470806122
    ]
  },
  "hardware": "NVIDIA A100-SXM4-80GB",
  "launch": {
    "block_vocab": 2048,
    "blocks_per_row": 75,
    "num_stages": 1,
    "num_warps": 8,
    "strategy": "two_stage_topk_topp_from_uniform"
  },
  "penalties": {
    "frequency_penalty": 0.1,
    "presence_penalty": 0.1,
    "repetition_penalty": 1.05
  },
  "ratios": {
    "fused_speedup_vs_apply_then_sample": 1.4167638339646098,
    "fused_speedup_vs_cpu_roundtrip": 20988.562132995205,
    "fused_speedup_vs_torch_reference": 1.5009712810086397
  },
  "rounds": 60,
  "schema_version": 1,
  "shape": {
    "batch": 4,
    "dtype": "float16",
    "history_tokens": 128,
    "temperature": 0.8,
    "top_k": 50,
    "top_p": 0.9,
    "vocab": 151936
  },
  "torch_reference": {
    "median_ms": 0.24726399779319763,
    "p10_ms": 0.24646399915218353,
    "p90_ms": 0.24931199848651886,
    "samples_ms": [
      0.248416006565094,
      0.2487040013074875,
      0.2471040040254593,
      0.24726399779319763,
      0.24742400646209717,
      0.24643200635910034,
      0.24745599925518036,
      0.24748800694942474,
      0.24729600548744202,
      0.24700799584388733,
      0.24726399779319763,
      0.24723200500011444,
      0.2473600059747696,
      0.24726399779319763,
      0.24691200256347656,
      0.24719999730587006,
      0.24723200500011444,
      0.24508799612522125,
      0.24799999594688416,
      0.24771200120449066,
      0.24729600548744202,
      0.2468159943819046,
      0.24624000489711761,
      84.6509780883789,
      0.24873599410057068,
      0.24649600684642792,
      0.24672000110149384,
      0.24646399915218353,
      0.24639999866485596,
      0.24793599545955658,
      79.72569274902344,
      0.2471040040254593,
      0.24825599789619446,
      0.2489279955625534,
      0.24931199848651886,
      0.24729600548744202,
      0.24540799856185913,
      0.2473279982805252,
      84.16057586669922,
      0.24668799340724945,
      0.24742400646209717,
      0.24662399291992188,
      0.2465600073337555,
      84.62723541259766,
      0.24697600305080414,
      0.2486719936132431,
      0.2481600046157837,
      0.24662399291992188,
      0.8002560138702393,
      0.24639999866485596,
      0.24694399535655975,
      0.2470400035381317,
      0.24662399291992188,
      2.79967999458313,
      0.24700799584388733,
      0.2473600059747696,
      0.24675199389457703,
      0.24742400646209717,
      0.24719999730587006,
      0.248416006565094
    ]
  },
  "warmup": 30
}
