{
  "completed": 64,
  "errors": [],
  "failed": 0,
  "input_tokens_requested": 512,
  "max_concurrency": 4,
  "median_e2el_ms": 972.9704021010548,
  "median_itl_ms": 14.562633412424475,
  "median_ttft_ms": 54.32575894519687,
  "model": "qwen3-0p6b",
  "num_prompts": 64,
  "output_throughput": 260.5423864198817,
  "output_tokens_requested": 64,
  "p95_itl_ms": 15.854748548008502,
  "p95_ttft_ms": 74.99003480188549,
  "request_throughput": 4.073958644239538,
  "schema_version": 1,
  "trace": {
    "trace_exists": false
  },
  "variant": "baseline"
}
