{
  "bytes": {
    "hidden_bytes": 4096,
    "materialized_logits_bytes": 303872,
    "weight_bytes": 622329856
  },
  "candidate_policy": {
    "block_hidden": 256,
    "block_vocab": 32,
    "blocks_per_row": 4748,
    "num_stages": 3,
    "num_warps": 4,
    "reduce_block": 8192,
    "strategy": "two_stage_lm_head_flash_sampling_epilogue_plan"
  },
  "cuda_available": true,
  "gate": {
    "eligible": true,
    "policy": {
      "block_hidden": 256,
      "block_vocab": 32,
      "blocks_per_row": 4748,
      "num_stages": 3,
      "num_warps": 4,
      "reduce_block": 8192,
      "strategy": "two_stage_lm_head_flash_sampling_epilogue_plan"
    },
    "reasons": []
  },
  "hardware": "NVIDIA A100-SXM4-80GB",
  "paths": {
    "full_logits_reference": {
      "median_ms": 0.4381280094385147,
      "p10_ms": 0.43516799807548523,
      "p90_ms": 0.44364801049232483,
      "samples_ms": [
        0.43302398920059204,
        0.437855988740921,
        0.4423680007457733,
        0.43696001172065735,
        0.4424000084400177,
        0.44364801049232483,
        0.4360640048980713,
        0.438975989818573,
        0.4379200041294098,
        0.43961599469184875,
        0.43641600012779236,
        0.4347200095653534,
        0.445248007774353,
        0.4392000138759613,
        0.43516799807548523,
        0.43619200587272644,
        0.4440639913082123,
        0.442111998796463,
        0.43484801054000854,
        0.437824010848999,
        0.44467198848724365,
        0.43667200207710266,
        0.43775999546051025,
        0.4398080110549927,
        0.4411199986934662,
        0.43862399458885193,
        0.43958398699760437,
        0.43833601474761963,
        0.43727999925613403,
        0.43667200207710266
      ]
    },
    "l20_lm_head_sampling_candidate": {
      "launch": {
        "block_batch": 16,
        "block_hidden": 256,
        "block_vocab": 32,
        "blocks_per_row": 4748,
        "num_stages": 3,
        "num_warps": 4,
        "reduce_block": 8192,
        "strategy": "two_stage_lm_head_gumbel_max"
      },
      "median_ms": 0.4079039990901947,
      "p10_ms": 0.40351998805999756,
      "p90_ms": 0.41280001401901245,
      "samples_ms": [
        0.4171519875526428,
        0.41280001401901245,
        0.4126720130443573,
        0.40588799118995667,
        0.4155519902706146,
        0.40351998805999756,
        0.40774399042129517,
        0.41094401478767395,
        0.40806400775909424,
        0.407584011554718,
        0.40591999888420105,
        0.4042559862136841,
        0.4082239866256714,
        0.4089600145816803,
        0.40825599431991577,
        0.4084480106830597,
        0.4084799885749817,
        0.39952000975608826,
        0.409824013710022,
        0.3997440040111542,
        0.4051840007305145,
        0.405023992061615,
        0.4137600064277649,
        0.4060159921646118,
        0.40646401047706604,
        0.4066239893436432,
        0.4039680063724518,
        0.4025599956512451,
        0.408735990524292,
        0.40937599539756775
      ],
      "status": "measured"
    }
  },
  "ratios": {
    "candidate_over_full_logits_reference": 0.9310155714831979,
    "full_logits_reference_over_candidate": 1.074095891228654
  },
  "schema_version": 1,
  "shape": {
    "batch": 1,
    "dtype": "float16",
    "hidden": 2048,
    "sampling_mode": "gumbel",
    "temperature": 1.0,
    "top_k": -1,
    "top_p": 1.0,
    "vocab": 151936
  }
}
