{
  "bytes": {
    "hidden_bytes": 2048,
    "materialized_logits_bytes": 303872,
    "weight_bytes": 311164928
  },
  "candidate_policy": {
    "block_hidden": 256,
    "block_vocab": 32,
    "blocks_per_row": 4748,
    "num_stages": 3,
    "num_warps": 4,
    "reduce_block": 8192,
    "strategy": "two_stage_lm_head_flash_sampling_epilogue_plan"
  },
  "cuda_available": true,
  "gate": {
    "eligible": true,
    "policy": {
      "block_hidden": 256,
      "block_vocab": 32,
      "blocks_per_row": 4748,
      "num_stages": 3,
      "num_warps": 4,
      "reduce_block": 8192,
      "strategy": "two_stage_lm_head_flash_sampling_epilogue_plan"
    },
    "reasons": []
  },
  "hardware": "NVIDIA A100-SXM4-80GB",
  "paths": {
    "full_logits_reference": {
      "median_ms": 0.26548799872398376,
      "p10_ms": 0.263264000415802,
      "p90_ms": 0.266975998878479,
      "samples_ms": [
        0.26550400257110596,
        0.26681599020957947,
        0.26342400908470154,
        0.26521599292755127,
        0.26307201385498047,
        0.26681599020957947,
        0.26499199867248535,
        0.2653439939022064,
        0.26761600375175476,
        0.2643519937992096,
        0.2657279968261719,
        0.26633599400520325,
        0.26204800605773926,
        0.266431987285614,
        0.2659839987754822,
        0.2654080092906952,
        0.2654719948768616,
        0.2639999985694885,
        0.2624639868736267,
        0.26678401231765747,
        0.263264000415802,
        0.2672320008277893,
        0.26390400528907776,
        0.2687680125236511,
        0.266431987285614,
        0.2645440101623535,
        0.26601600646972656,
        0.26556798815727234,
        0.2651520073413849,
        0.266975998878479
      ]
    },
    "l20_lm_head_sampling_candidate": {
      "launch": {
        "block_batch": 16,
        "block_hidden": 256,
        "block_vocab": 32,
        "blocks_per_row": 4748,
        "num_stages": 3,
        "num_warps": 4,
        "reduce_block": 8192,
        "strategy": "two_stage_lm_head_gumbel_max"
      },
      "median_ms": 0.23446399718523026,
      "p10_ms": 0.23343999683856964,
      "p90_ms": 0.2375359982252121,
      "samples_ms": [
        0.24643200635910034,
        0.23545600473880768,
        0.24403199553489685,
        0.2375359982252121,
        0.23737600445747375,
        0.23583999276161194,
        0.23420800268650055,
        0.2337920069694519,
        0.2359679937362671,
        0.23449599742889404,
        0.23375999927520752,
        0.2359360009431839,
        0.23366400599479675,
        0.23443199694156647,
        0.2340800017118454,
        0.23343999683856964,
        0.23625600337982178,
        0.23660799860954285,
        0.24294400215148926,
        0.23343999683856964,
        0.23366400599479675,
        0.23494400084018707,
        0.23583999276161194,
        0.23100799322128296,
        0.2343679964542389,
        0.23401600122451782,
        0.23369599878787994,
        0.2313919961452484,
        0.23500800132751465,
        0.2292799949645996
      ],
      "status": "measured"
    }
  },
  "ratios": {
    "candidate_over_full_logits_reference": 0.8831434878869692,
    "full_logits_reference_over_candidate": 1.1323188289511419
  },
  "schema_version": 1,
  "shape": {
    "batch": 1,
    "dtype": "float16",
    "hidden": 1024,
    "sampling_mode": "gumbel",
    "temperature": 1.0,
    "top_k": -1,
    "top_p": 1.0,
    "vocab": 151936
  }
}
