{
  "bytes": {
    "hidden_bytes": 8192,
    "materialized_logits_bytes": 1215488,
    "weight_bytes": 311164928
  },
  "candidate_policy": {
    "block_hidden": 256,
    "block_vocab": 64,
    "blocks_per_row": 2374,
    "num_stages": 3,
    "num_warps": 8,
    "reduce_block": 4096,
    "strategy": "two_stage_lm_head_flash_sampling_epilogue_plan"
  },
  "cuda_available": true,
  "gate": {
    "eligible": true,
    "policy": {
      "block_hidden": 256,
      "block_vocab": 64,
      "blocks_per_row": 2374,
      "num_stages": 3,
      "num_warps": 8,
      "reduce_block": 4096,
      "strategy": "two_stage_lm_head_flash_sampling_epilogue_plan"
    },
    "reasons": []
  },
  "hardware": "NVIDIA A100-SXM4-80GB",
  "paths": {
    "full_logits_reference": {
      "median_ms": 0.2868960052728653,
      "p10_ms": 0.28595200181007385,
      "p90_ms": 0.28940799832344055,
      "samples_ms": [
        0.29283198714256287,
        0.28726398944854736,
        0.3003840148448944,
        0.28784000873565674,
        0.2879360020160675,
        0.28595200181007385,
        0.2868480086326599,
        0.28620800375938416,
        0.28940799832344055,
        0.28649601340293884,
        0.2865920066833496,
        0.2869440019130707,
        0.2871679961681366,
        0.28675198554992676,
        0.2865920066833496,
        0.2865599989891052,
        0.2876160144805908,
        0.286080002784729,
        0.29836800694465637,
        0.2863360047340393,
        0.28787198662757874,
        0.2871359884738922,
        0.2865920066833496,
        0.2850239872932434,
        0.2882559895515442,
        0.2842879891395569,
        0.2876800000667572,
        0.2868480086326599,
        0.28780800104141235,
        0.2849920094013214
      ]
    },
    "l20_lm_head_sampling_candidate": {
      "launch": {
        "block_batch": 16,
        "block_hidden": 256,
        "block_vocab": 64,
        "blocks_per_row": 2374,
        "num_stages": 3,
        "num_warps": 8,
        "reduce_block": 4096,
        "strategy": "two_stage_lm_head_gumbel_max"
      },
      "median_ms": 0.23796799778938293,
      "p10_ms": 0.23430399596691132,
      "p90_ms": 0.24534399807453156,
      "samples_ms": [
        0.24534399807453156,
        0.24057599902153015,
        0.2412479966878891,
        0.23971199989318848,
        0.34889599680900574,
        0.24886399507522583,
        0.23788799345493317,
        0.2341119945049286,
        0.23984000086784363,
        0.25231999158859253,
        0.2380799949169159,
        0.23632000386714935,
        0.23532800376415253,
        0.2385600060224533,
        0.23814399540424347,
        0.2351360023021698,
        0.23705600202083588,
        0.2380480021238327,
        0.23820799589157104,
        0.23641599714756012,
        0.23548799753189087,
        0.23558400571346283,
        0.23603199422359467,
        0.23263999819755554,
        0.24403199553489685,
        0.23878400027751923,
        0.23430399596691132,
        0.23420800268650055,
        0.23635199666023254,
        0.23520000278949738
      ],
      "status": "measured"
    }
  },
  "ratios": {
    "candidate_over_full_logits_reference": 0.8294573413911874,
    "full_logits_reference_over_candidate": 1.205607509992948
  },
  "schema_version": 1,
  "shape": {
    "batch": 4,
    "dtype": "float16",
    "hidden": 1024,
    "sampling_mode": "gumbel",
    "temperature": 1.0,
    "top_k": -1,
    "top_p": 1.0,
    "vocab": 151936
  }
}
