{
  "bytes": {
    "hidden_bytes": 16384,
    "materialized_logits_bytes": 1215488,
    "weight_bytes": 622329856
  },
  "candidate_policy": {
    "block_hidden": 256,
    "block_vocab": 64,
    "blocks_per_row": 2374,
    "num_stages": 3,
    "num_warps": 8,
    "reduce_block": 4096,
    "strategy": "two_stage_lm_head_flash_sampling_epilogue_plan"
  },
  "cuda_available": true,
  "gate": {
    "eligible": true,
    "policy": {
      "block_hidden": 256,
      "block_vocab": 64,
      "blocks_per_row": 2374,
      "num_stages": 3,
      "num_warps": 8,
      "reduce_block": 4096,
      "strategy": "two_stage_lm_head_flash_sampling_epilogue_plan"
    },
    "reasons": []
  },
  "hardware": "NVIDIA A100-SXM4-80GB",
  "paths": {
    "full_logits_reference": {
      "median_ms": 0.45795199275016785,
      "p10_ms": 0.45427200198173523,
      "p90_ms": 0.46000000834465027,
      "samples_ms": [
        0.45427200198173523,
        0.4596799910068512,
        0.46000000834465027,
        0.4559679925441742,
        0.45843198895454407,
        0.45875200629234314,
        0.4561600089073181,
        0.4540160000324249,
        0.4625279903411865,
        0.4522239863872528,
        0.4574719965457916,
        0.4554240107536316,
        0.4573119878768921,
        0.4589439928531647,
        0.458624005317688,
        0.45392000675201416,
        0.45689600706100464,
        0.45686399936676025,
        0.4585599899291992,
        0.45900800824165344,
        0.45868799090385437,
        0.4620800018310547,
        0.45929598808288574,
        0.456928014755249,
        0.4572159945964813,
        0.4586560130119324,
        0.46086400747299194,
        0.45580801367759705,
        0.4585280120372772,
        0.4565120041370392
      ]
    },
    "l20_lm_head_sampling_candidate": {
      "launch": {
        "block_batch": 16,
        "block_hidden": 256,
        "block_vocab": 64,
        "blocks_per_row": 2374,
        "num_stages": 3,
        "num_warps": 8,
        "reduce_block": 4096,
        "strategy": "two_stage_lm_head_gumbel_max"
      },
      "median_ms": 0.40881599485874176,
      "p10_ms": 0.4047999978065491,
      "p90_ms": 0.4156799912452698,
      "samples_ms": [
        0.4245760142803192,
        0.4156799912452698,
        0.4105280041694641,
        0.4054720103740692,
        0.41171199083328247,
        0.4191359877586365,
        0.4143039882183075,
        0.4079039990901947,
        0.40537598729133606,
        0.416159987449646,
        0.4092159867286682,
        0.41043201088905334,
        0.41203200817108154,
        0.4047999978065491,
        0.4044800102710724,
        0.4116480052471161,
        0.4155200123786926,
        0.40751999616622925,
        0.4057599902153015,
        0.4037120044231415,
        0.4084480106830597,
        0.4033919870853424,
        0.4047999978065491,
        0.408160001039505,
        0.4119040071964264,
        0.40854400396347046,
        0.4126400053501129,
        0.408735990524292,
        0.4063040018081665,
        0.40889599919319153
      ],
      "status": "measured"
    }
  },
  "ratios": {
    "candidate_over_full_logits_reference": 0.8927049152109884,
    "full_logits_reference_over_candidate": 1.1201909869216444
  },
  "schema_version": 1,
  "shape": {
    "batch": 4,
    "dtype": "float16",
    "hidden": 2048,
    "sampling_mode": "gumbel",
    "temperature": 1.0,
    "top_k": -1,
    "top_p": 1.0,
    "vocab": 151936
  }
}
