{
  "chunks": {
    "max": 64,
    "mean": 63.9,
    "median": 64.0,
    "min": 63
  },
  "itl_ms": {
    "max": 9.282782857698049,
    "mean": 7.8233904792853055,
    "median": 9.236366476028389,
    "min": 4.997587935518353
  },
  "max_tokens": 64,
  "model": "Qwen/Qwen2.5-0.5B-Instruct",
  "ok_runs": 10,
  "runs": 10,
  "total_ms": {
    "max": 597.2226900048554,
    "mean": 504.2317146959249,
    "median": 594.1028609813657,
    "min": 319.6856490103528
  },
  "ttft_ms": {
    "max": 13.494039012584835,
    "mean": 11.780379200354218,
    "median": 12.359728978481144,
    "min": 9.153116028755903
  },
  "warmup": 2
}
