{
  "evidence_status": "superseded_semantics",
  "artifact": "a100-vllm-sparse-penalty-sampling",
  "baseline": {
    "flashinfer_available": false,
    "mode": "native_vllm_pytorch_topk_topp_penalty",
    "ok_runs": 20,
    "path_match_counts": {
      "cpu": 1,
      "cuda13": 0,
      "fallback": 1,
      "flashinfer": 1,
      "sampling": 1
    },
    "summary": {
      "itl_ms": {
        "max": 9.641604963690042,
        "mean": 7.275399146601558,
        "median": 9.544255008222535,
        "min": 4.12513199262321
      },
      "ms_per_output_token": {
        "max": 9.778723562097488,
        "mean": 7.501479355232732,
        "median": 9.592936604046068,
        "min": 4.2464552498131525
      },
      "total_ms": {
        "max": 469.3787309806794,
        "mean": 360.07100905117113,
        "median": 460.4609569942113,
        "min": 203.82985199103132
      },
      "ttft_ms": {
        "max": 15.6951270182617,
        "mean": 12.9627057001926,
        "median": 14.371946512255818,
        "min": 8.768314030021429
      }
    }
  },
  "candidate": {
    "mode": "opt_in_sparse_token_history_l20_sampler_no_trace",
    "ok_runs": 20,
    "path_match_counts": {
      "cpu": 1,
      "cuda13": 0,
      "fallback": 1,
      "flashinfer": 0,
      "sampling": 1
    },
    "summary": {
      "itl_ms": {
        "max": 11.870086018461734,
        "mean": 6.378677595057525,
        "median": 4.093441995792091,
        "min": 3.8538819644600153
      },
      "ms_per_output_token": {
        "max": 12.04170591760582,
        "mean": 6.629643945780117,
        "median": 4.243764280545292,
        "min": 4.001928624347784
      },
      "total_ms": {
        "max": 578.0018840450794,
        "mean": 318.2229093974456,
        "median": 203.70068546617404,
        "min": 192.0925739686936
      },
      "ttft_ms": {
        "max": 19.70689999870956,
        "mean": 12.475544749759138,
        "median": 10.341955028707162,
        "min": 9.199383959639817
      }
    }
  },
  "claim_boundary": [
    "These deltas are not current performance evidence.",
    "The custom sampler must pass the corrected top-p semantic revalidation gate before comparison.",
    "This was collected through a real vLLM HTTP serving path on A100, not a standalone microbenchmark.",
    "The no-trace candidate is compared against vLLM native PyTorch top-k/top-p because FlashInfer was not installed in this vLLM 0.10.2 environment.",
    "The separate trace run proves hook coverage but is not used for latency because per-token JSON tracing adds overhead.",
    "This is not yet a broad production claim across models, GPUs, or FlashInfer-enabled deployments."
  ],
  "date": "2026-07-02",
  "historical_delta": {
    "itl_ms": {
      "baseline_median": 9.544255008222535,
      "candidate_median": 4.093441995792091,
      "delta_percent": -57.110932259610394,
      "speedup": 2.331596494596401
    },
    "ms_per_output_token": {
      "baseline_median": 9.592936604046068,
      "candidate_median": 4.243764280545292,
      "delta_percent": -55.76157275181642,
      "speedup": 2.2604781910303102
    },
    "total_ms": {
      "baseline_median": 460.4609569942113,
      "candidate_median": 203.70068546617404,
      "delta_percent": -55.76157275181642,
      "speedup": 2.2604781910303102
    },
    "ttft_ms": {
      "baseline_median": 14.371946512255818,
      "candidate_median": 10.341955028707162,
      "delta_percent": -28.04067966793532,
      "speedup": 1.389674048316998
    }
  },
  "hardware": "NVIDIA A100-SXM4-80GB",
  "max_tokens": 48,
  "measured_runs": 20,
  "model": "Qwen/Qwen2.5-0.5B-Instruct",
  "sampling": {
    "frequency_penalty": 0.1,
    "presence_penalty": 0.1,
    "repetition_penalty": 1.05,
    "temperature": 0.8,
    "top_k": 50,
    "top_p": 0.9
  },
  "performance_comparable": false,
  "schema_version": 1,
  "served_model_name": "qwen25-05b",
  "torch_version": "2.8.0+cu128",
  "trace_proof": {
    "eligible_events": 576,
    "eligible_fraction": 0.9965397923875432,
    "fallback_events": 2,
    "logits_shape_counts": {
      "1x151936": 576,
      "256x151936": 2
    },
    "reason_counts": {
      "outside_l20_profitability_gate": 2
    },
    "schema_version": 1,
    "total_events": 578,
    "trace": "/root/sgi-serving-smoke/candidate/l20-topk-topp-trace.jsonl"
  },
  "transformers_version": "4.56.2",
  "vllm_version": "0.10.2",
  "warmup": 2
}
