{
  "bytes": {
    "hidden_bytes": 12288,
    "materialized_logits_bytes": 1215488,
    "weight_bytes": 466747392
  },
  "chunked_lm_head_topk": {
    "median_ms": 0.8954880237579346,
    "p10_ms": 0.8908799886703491,
    "p90_ms": 0.9031680226325989,
    "samples_ms": [
      0.9031680226325989,
      0.894976019859314,
      0.8908799886703491,
      0.8960000276565552,
      0.9011200070381165,
      0.8980479836463928,
      0.8939520120620728,
      0.8939520120620728,
      0.9000959992408752,
      0.8919039964675903,
      0.9297919869422913,
      0.8908799886703491
    ]
  },
  "full_logits_topk": {
    "median_ms": 0.7157760262489319,
    "p10_ms": 0.711679995059967,
    "p90_ms": 0.7178239822387695,
    "samples_ms": [
      0.7239680290222168,
      0.711679995059967,
      0.7147520184516907,
      0.7178239822387695,
      0.7157760262489319,
      0.7106559872627258,
      0.7157760262489319,
      0.7167999744415283,
      0.7157760262489319,
      0.7147520184516907,
      0.7157760262489319,
      0.7157760262489319
    ]
  },
  "hardware": "NVIDIA L20",
  "ratios": {
    "chunked_over_full_logits_topk": 1.25107294868591,
    "full_logits_topk_over_chunked": 0.799313901759582
  },
  "schema_version": 1,
  "shape": {
    "batch": 4,
    "chunk_vocab": 32768,
    "dtype": "float16",
    "hidden": 1536,
    "top_k": 50,
    "vocab": 151936
  }
}
