{
  "bytes": {
    "hidden_bytes": 12288,
    "materialized_logits_bytes": 1215488,
    "weight_bytes": 466747392
  },
  "chunked_lm_head_topk": {
    "median_ms": 1.1965440511703491,
    "p10_ms": 1.1909120082855225,
    "p90_ms": 1.201151967048645,
    "samples_ms": [
      1.201151967048645,
      1.2001279592514038,
      1.201151967048645,
      1.1960320472717285,
      1.193984031677246,
      1.1909120082855225,
      1.2001279592514038,
      1.1970560550689697,
      1.1980799436569214,
      1.1898880004882812,
      1.1960320472717285,
      1.1960320472717285
    ]
  },
  "full_logits_topk": {
    "median_ms": 0.7111679911613464,
    "p10_ms": 0.7065600156784058,
    "p90_ms": 0.7178239822387695,
    "samples_ms": [
      0.7188479900360107,
      0.7147200107574463,
      0.711679995059967,
      0.7127040028572083,
      0.7065600156784058,
      0.711679995059967,
      0.7106559872627258,
      0.7178239822387695,
      0.7106559872627258,
      0.7106559872627258,
      0.7106559872627258,
      0.7065600156784058
    ]
  },
  "hardware": "NVIDIA L20",
  "ratios": {
    "chunked_over_full_logits_topk": 1.6825054924313696,
    "full_logits_top1_over_triton_top1": 0.9865056618525183,
    "full_logits_topk_over_chunked": 0.5943517001866729,
    "triton_top1_over_full_logits_top1": 1.0136789262031616
  },
  "schema_version": 1,
  "shape": {
    "batch": 4,
    "chunk_vocab": 8192,
    "dtype": "float16",
    "hidden": 1536,
    "top_k": 1,
    "vocab": 151936
  },
  "triton_lm_head_top1": {
    "median_ms": 0.7208960056304932,
    "p10_ms": 0.7178239822387695,
    "p90_ms": 0.7915520071983337,
    "samples_ms": [
      0.8171520233154297,
      0.7915520071983337,
      0.7219200134277344,
      0.7208960056304932,
      0.7239680290222168,
      0.7208960056304932,
      0.719871997833252,
      0.7208960056304932,
      0.7178239822387695,
      0.7167999744415283,
      0.7208960056304932,
      0.7188479900360107
    ]
  },
  "triton_lm_head_top1_launch": {
    "block_hidden": 64,
    "block_vocab": 64,
    "blocks_per_row": 2374,
    "num_warps": 8,
    "reduce_block": 4096,
    "strategy": "two_stage_direct_lm_head_top1"
  }
}
