{
  "bytes": {
    "hidden_bytes": 3072,
    "materialized_logits_bytes": 303872,
    "weight_bytes": 466747392
  },
  "chunked_lm_head_topk": {
    "median_ms": 1.120255947113037,
    "p10_ms": 1.1151360273361206,
    "p90_ms": 1.1233279705047607,
    "samples_ms": [
      1.1233279705047607,
      1.120255947113037,
      1.114143967628479,
      1.1233279705047607,
      1.117184042930603,
      1.1212799549102783,
      1.1233279705047607,
      1.1212799549102783,
      1.120255947113037,
      1.1151360273361206,
      1.1161600351333618,
      1.1161600351333618
    ]
  },
  "full_logits_topk": {
    "median_ms": 0.6609919965267181,
    "p10_ms": 0.6563839912414551,
    "p90_ms": 0.66457599401474,
    "samples_ms": [
      0.6707199811935425,
      0.66457599401474,
      0.6574079990386963,
      0.6594560146331787,
      0.6604800224304199,
      0.6625279784202576,
      0.6563839912414551,
      0.6625279784202576,
      0.6615039706230164,
      0.6543359756469727,
      0.6594560146331787,
      0.6625279784202576
    ]
  },
  "hardware": "NVIDIA L20",
  "ratios": {
    "chunked_over_full_logits_topk": 1.6948101535262008,
    "full_logits_top1_over_triton_top1": 0.969219203668516,
    "full_logits_topk_over_chunked": 0.5900365878263194,
    "triton_top1_over_full_logits_top1": 1.0317583434325053
  },
  "schema_version": 1,
  "shape": {
    "batch": 1,
    "chunk_vocab": 8192,
    "dtype": "float16",
    "hidden": 1536,
    "top_k": 1,
    "vocab": 151936
  },
  "triton_lm_head_top1": {
    "median_ms": 0.681984007358551,
    "p10_ms": 0.6789119839668274,
    "p90_ms": 0.7505919933319092,
    "samples_ms": [
      0.7618560194969177,
      0.7505919933319092,
      0.7475200295448303,
      0.7423999905586243,
      0.6789119839668274,
      0.681984007358551,
      0.681984007358551,
      0.6830080151557922,
      0.681984007358551,
      0.6799359917640686,
      0.6778879761695862,
      0.681984007358551
    ]
  },
  "triton_lm_head_top1_launch": {
    "block_hidden": 64,
    "block_vocab": 16,
    "blocks_per_row": 9496,
    "num_warps": 4,
    "reduce_block": 16384,
    "strategy": "two_stage_direct_lm_head_top1"
  }
}
