{
  "bytes": {
    "hidden_bytes": 12288,
    "materialized_logits_bytes": 1215488,
    "weight_bytes": 466747392
  },
  "chunked_lm_head_topk": {
    "median_ms": 1.235967993736267,
    "p10_ms": 1.2349439859390259,
    "p90_ms": 1.2390400171279907,
    "samples_ms": [
      1.2390400171279907,
      1.2380160093307495,
      1.235967993736267,
      1.235967993736267,
      1.240064024925232,
      1.2349439859390259,
      1.2369920015335083,
      1.235967993736267,
      1.235967993736267,
      1.235967993736267,
      1.2349439859390259,
      1.2380160093307495
    ]
  },
  "full_logits_topk": {
    "median_ms": 0.7157760262489319,
    "p10_ms": 0.7106559872627258,
    "p90_ms": 0.7167999744415283,
    "samples_ms": [
      0.7229440212249756,
      0.7106559872627258,
      0.7147520184516907,
      0.7167999744415283,
      0.7157760262489319,
      0.7106559872627258,
      0.7157760262489319,
      0.7157760262489319,
      0.7157760262489319,
      0.7147520184516907,
      0.7167999744415283,
      0.7157760262489319
    ]
  },
  "hardware": "NVIDIA L20",
  "ratios": {
    "chunked_over_full_logits_topk": 1.726752431502118,
    "full_logits_topk_over_chunked": 0.5791218137333622
  },
  "schema_version": 1,
  "shape": {
    "batch": 4,
    "chunk_vocab": 16384,
    "dtype": "float16",
    "hidden": 1536,
    "top_k": 50,
    "vocab": 151936
  }
}
