{
  "bytes": {
    "hidden_bytes": 12288,
    "materialized_logits_bytes": 1215488,
    "weight_bytes": 466747392
  },
  "chunked_lm_head_topk": {
    "median_ms": 1.1970560550689697,
    "p10_ms": 1.1909120082855225,
    "p90_ms": 1.1991039514541626,
    "samples_ms": [
      1.2031999826431274,
      1.1919360160827637,
      1.1970560550689697,
      1.1980799436569214,
      1.1980799436569214,
      1.193984031677246,
      1.1909120082855225,
      1.1980799436569214,
      1.1991039514541626,
      1.1970560550689697,
      1.1919360160827637,
      1.1909120082855225
    ]
  },
  "full_logits_topk": {
    "median_ms": 0.711679995059967,
    "p10_ms": 0.7065600156784058,
    "p90_ms": 0.7188479900360107,
    "samples_ms": [
      0.7188479900360107,
      0.7137280106544495,
      0.7116479873657227,
      0.711679995059967,
      0.711679995059967,
      0.7188479900360107,
      0.7065600156784058,
      0.711679995059967,
      0.7106559872627258,
      0.7127040028572083,
      0.7065600156784058,
      0.7127040028572083
    ]
  },
  "hardware": "NVIDIA L20",
  "ratios": {
    "chunked_over_full_logits_topk": 1.6820144775435262,
    "full_logits_top1_over_triton_top1": 0.9971305377343892,
    "full_logits_topk_over_chunked": 0.594525203766638,
    "triton_top1_over_full_logits_top1": 1.0028777197739132
  },
  "schema_version": 1,
  "shape": {
    "batch": 4,
    "chunk_vocab": 8192,
    "dtype": "float16",
    "hidden": 1536,
    "top_k": 1,
    "vocab": 151936
  },
  "triton_lm_head_top1": {
    "median_ms": 0.7137280106544495,
    "p10_ms": 0.7106559872627258,
    "p90_ms": 0.7167999744415283,
    "samples_ms": [
      0.7167999744415283,
      0.7167999744415283,
      0.7127040028572083,
      0.7157760262489319,
      0.7157760262489319,
      0.7137280106544495,
      0.7106559872627258,
      0.7137280106544495,
      0.7137280106544495,
      0.711679995059967,
      0.7086079716682434,
      0.7137280106544495
    ]
  },
  "triton_lm_head_top1_launch": {
    "block_hidden": 64,
    "block_vocab": 32,
    "blocks_per_row": 4748,
    "num_warps": 4,
    "reduce_block": 8192,
    "strategy": "two_stage_direct_lm_head_top1"
  }
}
