{
  "bytes": {
    "hidden_bytes": 3072,
    "materialized_logits_bytes": 303872,
    "weight_bytes": 466747392
  },
  "chunked_lm_head_topk": {
    "median_ms": 1.117184042930603,
    "p10_ms": 1.1151360273361206,
    "p90_ms": 1.124351978302002,
    "samples_ms": [
      1.124351978302002,
      1.1253440380096436,
      1.117184042930603,
      1.117184042930603,
      1.1151360273361206,
      1.1151360273361206,
      1.1212799549102783,
      1.120255947113037,
      1.1192320585250854,
      1.1161279678344727,
      1.117184042930603,
      1.1161600351333618
    ]
  },
  "full_logits_topk": {
    "median_ms": 0.6604800224304199,
    "p10_ms": 0.6563839912414551,
    "p90_ms": 0.6635519862174988,
    "samples_ms": [
      0.6686720252037048,
      0.6635519862174988,
      0.6574079990386963,
      0.6604800224304199,
      0.6604480147361755,
      0.6563839912414551,
      0.6604800224304199,
      0.6615039706230164,
      0.6625279784202576,
      0.6553599834442139,
      0.6594560146331787,
      0.6604800224304199
    ]
  },
  "hardware": "NVIDIA L20",
  "ratios": {
    "chunked_over_full_logits_topk": 1.691472875772402,
    "full_logits_top1_over_triton_top1": 0.9293948609008819,
    "full_logits_topk_over_chunked": 0.5912007306314949,
    "triton_top1_over_full_logits_top1": 1.0759689364224363
  },
  "schema_version": 1,
  "shape": {
    "batch": 1,
    "chunk_vocab": 8192,
    "dtype": "float16",
    "hidden": 1536,
    "top_k": 1,
    "vocab": 151936
  },
  "triton_lm_head_top1": {
    "median_ms": 0.7106559872627258,
    "p10_ms": 0.707584023475647,
    "p90_ms": 0.7137280106544495,
    "samples_ms": [
      0.7331839799880981,
      0.7096319794654846,
      0.711679995059967,
      0.7065600156784058,
      0.7106559872627258,
      0.711679995059967,
      0.7137280106544495,
      0.7086079716682434,
      0.7106559872627258,
      0.711679995059967,
      0.7106559872627258,
      0.707584023475647
    ]
  },
  "triton_lm_head_top1_launch": {
    "block_hidden": 64,
    "block_vocab": 64,
    "blocks_per_row": 2374,
    "num_warps": 8,
    "reduce_block": 4096,
    "strategy": "two_stage_direct_lm_head_top1"
  }
}
