{
  "bytes": {
    "hidden_bytes": 12288,
    "materialized_logits_bytes": 1215488,
    "weight_bytes": 466747392
  },
  "chunked_lm_head_topk": {
    "median_ms": 1.1975679993629456,
    "p10_ms": 1.1909120082855225,
    "p90_ms": 1.2001279592514038,
    "samples_ms": [
      1.2052479982376099,
      1.2001279592514038,
      1.1980799436569214,
      1.1950080394744873,
      1.1909120082855225,
      1.1991039514541626,
      1.1970560550689697,
      1.1980799436569214,
      1.1909120082855225,
      1.1909120082855225,
      1.1991039514541626,
      1.1970560550689697
    ]
  },
  "full_logits_topk": {
    "median_ms": 0.7121919989585876,
    "p10_ms": 0.7065280079841614,
    "p90_ms": 0.7137280106544495,
    "samples_ms": [
      0.719871997833252,
      0.7127040028572083,
      0.711679995059967,
      0.711679995059967,
      0.7055360078811646,
      0.7137280106544495,
      0.711679995059967,
      0.7137280106544495,
      0.7065280079841614,
      0.7127040028572083,
      0.7106559872627258,
      0.7127040028572083
    ]
  },
  "hardware": "NVIDIA L20",
  "ratios": {
    "chunked_over_full_logits_topk": 1.6815240849575754,
    "full_logits_top1_over_triton_top1": 1.0474397701919442,
    "full_logits_topk_over_chunked": 0.5946985885874063,
    "triton_top1_over_full_logits_top1": 0.9547088323911448
  },
  "schema_version": 1,
  "shape": {
    "batch": 4,
    "chunk_vocab": 8192,
    "dtype": "float16",
    "hidden": 1536,
    "top_k": 1,
    "vocab": 151936
  },
  "triton_lm_head_top1": {
    "median_ms": 0.6799359917640686,
    "p10_ms": 0.6778879761695862,
    "p90_ms": 0.6881279945373535,
    "samples_ms": [
      0.6922240257263184,
      0.6840320229530334,
      0.6809599995613098,
      0.6778879761695862,
      0.6830080151557922,
      0.6799359917640686,
      0.6778879761695862,
      0.6799359917640686,
      0.6789119839668274,
      0.6881279945373535,
      0.6768640279769897,
      0.6789119839668274
    ]
  },
  "triton_lm_head_top1_launch": {
    "block_hidden": 128,
    "block_vocab": 32,
    "blocks_per_row": 4748,
    "num_warps": 4,
    "reduce_block": 8192,
    "strategy": "two_stage_direct_lm_head_top1"
  }
}
