{
  "bytes": {
    "hidden_bytes": 3072,
    "materialized_logits_bytes": 303872,
    "weight_bytes": 466747392
  },
  "chunked_lm_head_topk": {
    "median_ms": 1.1176960468292236,
    "p10_ms": 1.1141120195388794,
    "p90_ms": 1.120255947113037,
    "samples_ms": [
      1.1233279705047607,
      1.1141120195388794,
      1.1130880117416382,
      1.1141120195388794,
      1.120255947113037,
      1.120255947113037,
      1.1182080507278442,
      1.117184042930603,
      1.1141120195388794,
      1.1130880117416382,
      1.1212799549102783,
      1.1202239990234375,
      1.1182080507278442,
      1.120255947113037,
      1.117184042930603,
      1.1141120195388794,
      1.1141120195388794,
      1.1141120195388794,
      1.1192320585250854,
      1.120255947113037
    ]
  },
  "full_logits_topk": {
    "median_ms": 0.6604800224304199,
    "p10_ms": 0.6584320068359375,
    "p90_ms": 0.6625279784202576,
    "samples_ms": [
      0.6696959733963013,
      0.6584320068359375,
      0.6625279784202576,
      0.6615039706230164,
      0.6615039706230164,
      0.6604800224304199,
      0.6615039706230164,
      0.6656000018119812,
      0.6584320068359375,
      0.6615039706230164,
      0.6604800224304199,
      0.6563839912414551,
      0.6604800224304199,
      0.6594880223274231,
      0.6594560146331787,
      0.6594560146331787,
      0.6615039706230164,
      0.6563839912414551,
      0.6594560146331787,
      0.6604800224304199
    ]
  },
  "hardware": "NVIDIA L20",
  "ratios": {
    "chunked_over_full_logits_topk": 1.6922480754472333,
    "full_logits_top1_over_triton_top1": 0.9388646709996212,
    "full_logits_topk_over_chunked": 0.590929908273476,
    "triton_top1_over_full_logits_top1": 1.0651162312192313
  },
  "schema_version": 1,
  "shape": {
    "batch": 1,
    "chunk_vocab": 8192,
    "dtype": "float16",
    "hidden": 1536,
    "top_k": 1,
    "vocab": 151936
  },
  "triton_lm_head_top1": {
    "median_ms": 0.7034879922866821,
    "p10_ms": 0.6993920207023621,
    "p90_ms": 0.7577599883079529,
    "samples_ms": [
      0.7731199860572815,
      0.7659519910812378,
      0.7577599883079529,
      0.754688024520874,
      0.7014399766921997,
      0.7065600156784058,
      0.7065600156784058,
      0.7024639844894409,
      0.7024639844894409,
      0.7034879922866821,
      0.7034879922866821,
      0.7096319794654846,
      0.7024639844894409,
      0.6993920207023621,
      0.7086079716682434,
      0.6993920207023621,
      0.7014399766921997,
      0.7055360078811646,
      0.6952959895133972,
      0.7024639844894409
    ]
  },
  "triton_lm_head_top1_launch": {
    "block_hidden": 64,
    "block_vocab": 32,
    "blocks_per_row": 4748,
    "num_warps": 4,
    "reduce_block": 8192,
    "strategy": "two_stage_direct_lm_head_top1"
  }
}
