{
  "bytes": {
    "hidden_bytes": 12288,
    "materialized_logits_bytes": 1215488,
    "weight_bytes": 466747392
  },
  "chunked_lm_head_topk": {
    "median_ms": 1.1970560550689697,
    "p10_ms": 1.1909120082855225,
    "p90_ms": 1.2031999826431274,
    "samples_ms": [
      1.1991039514541626,
      1.2031999826431274,
      1.1980799436569214,
      1.1991039514541626,
      1.1909120082855225,
      1.1909120082855225,
      1.1970560550689697,
      1.1970560550689697,
      1.1950080394744873,
      1.1898880004882812,
      1.2052479982376099,
      1.1960320472717285
    ]
  },
  "full_logits_topk": {
    "median_ms": 0.711679995059967,
    "p10_ms": 0.7065600156784058,
    "p90_ms": 0.7147520184516907,
    "samples_ms": [
      0.719871997833252,
      0.7147520184516907,
      0.7117120027542114,
      0.7127040028572083,
      0.7055360078811646,
      0.711679995059967,
      0.7106559872627258,
      0.7065600156784058,
      0.707584023475647,
      0.711679995059967,
      0.711679995059967,
      0.7065600156784058
    ]
  },
  "hardware": "NVIDIA L20",
  "ratios": {
    "chunked_over_full_logits_topk": 1.6820144775435262,
    "full_logits_top1_over_triton_top1": 1.050642468705243,
    "full_logits_topk_over_chunked": 0.594525203766638,
    "triton_top1_over_full_logits_top1": 0.9517985706710941
  },
  "schema_version": 1,
  "shape": {
    "batch": 4,
    "chunk_vocab": 8192,
    "dtype": "float16",
    "hidden": 1536,
    "top_k": 1,
    "vocab": 151936
  },
  "triton_lm_head_top1": {
    "median_ms": 0.677376002073288,
    "p10_ms": 0.6758400201797485,
    "p90_ms": 0.6830080151557922,
    "samples_ms": [
      0.7004160284996033,
      0.6768640279769897,
      0.6768640279769897,
      0.6768640279769897,
      0.6758400201797485,
      0.6778879761695862,
      0.6778879761695862,
      0.6830080151557922,
      0.6758400201797485,
      0.6778879761695862,
      0.6799359917640686,
      0.6727679967880249
    ]
  },
  "triton_lm_head_top1_launch": {
    "block_hidden": 128,
    "block_vocab": 64,
    "blocks_per_row": 2374,
    "num_warps": 8,
    "reduce_block": 4096,
    "strategy": "two_stage_direct_lm_head_top1"
  }
}
