{
  "bytes": {
    "hidden_bytes": 12288,
    "materialized_logits_bytes": 1215488,
    "weight_bytes": 466747392
  },
  "chunked_lm_head_topk": {
    "median_ms": 0.8207359910011292,
    "p10_ms": 0.8161280155181885,
    "p90_ms": 0.8253440260887146,
    "samples_ms": [
      0.8253440260887146,
      0.8191999793052673,
      0.8161280155181885,
      0.8151040077209473,
      0.8253440260887146,
      0.8253440260887146,
      0.8202239871025085,
      0.8212479948997498,
      0.8212479948997498,
      0.8161280155181885,
      0.8181759715080261,
      0.8212479948997498
    ]
  },
  "full_logits_topk": {
    "median_ms": 0.7157760262489319,
    "p10_ms": 0.7137280106544495,
    "p90_ms": 0.7167999744415283,
    "samples_ms": [
      0.7229440212249756,
      0.7167999744415283,
      0.7157760262489319,
      0.7167999744415283,
      0.7157760262489319,
      0.7137280106544495,
      0.7157760262489319,
      0.7157760262489319,
      0.7096319794654846,
      0.7147520184516907,
      0.7137280106544495,
      0.7167999744415283
    ]
  },
  "hardware": "NVIDIA L20",
  "ratios": {
    "chunked_over_full_logits_topk": 1.146637999741688,
    "full_logits_topk_over_chunked": 0.8721148263229352
  },
  "schema_version": 1,
  "shape": {
    "batch": 4,
    "chunk_vocab": 65536,
    "dtype": "float16",
    "hidden": 1536,
    "top_k": 50,
    "vocab": 151936
  }
}
