{
  "bytes": {
    "hidden_bytes": 12288,
    "materialized_logits_bytes": 1215488,
    "weight_bytes": 466747392
  },
  "chunked_lm_head_topk": {
    "median_ms": 1.3598719835281372,
    "p10_ms": 1.3537280559539795,
    "p90_ms": 1.3639999628067017,
    "samples_ms": [
      1.3721599578857422,
      1.3608959913253784,
      1.3629440069198608,
      1.368064045906067,
      1.3619199991226196,
      1.3537280559539795,
      1.358847975730896,
      1.3567999601364136,
      1.3670400381088257,
      1.358847975730896,
      1.3537280559539795,
      1.3608959913253784,
      1.3608959913253784,
      1.3578239679336548,
      1.358847975730896,
      1.3598719835281372,
      1.3598719835281372,
      1.358847975730896,
      1.3527040481567383,
      1.3639999628067017,
      1.3567999601364136,
      1.358847975730896,
      1.3629440069198608,
      1.3537280559539795,
      1.3619199991226196,
      1.3598719835281372,
      1.3598719835281372,
      1.3598719835281372,
      1.3619199991226196,
      1.3578239679336548
    ]
  },
  "full_logits_topk": {
    "median_ms": 0.7157760262489319,
    "p10_ms": 0.711679995059967,
    "p90_ms": 0.719871997833252,
    "samples_ms": [
      0.7270399928092957,
      0.7137280106544495,
      0.7219200134277344,
      0.7147520184516907,
      0.7167999744415283,
      0.7147520184516907,
      0.7157760262489319,
      0.7157760262489319,
      0.719871997833252,
      0.711679995059967,
      0.7157760262489319,
      0.7147520184516907,
      0.7167999744415283,
      0.7106559872627258,
      0.719871997833252,
      0.719871997833252,
      0.7157760262489319,
      0.711679995059967,
      0.7167999744415283,
      0.7167999744415283,
      0.7208960056304932,
      0.7106559872627258,
      0.7157760262489319,
      0.7157760262489319,
      0.7137280106544495,
      0.7127040028572083,
      0.7147520184516907,
      0.719871997833252,
      0.7167680263519287,
      0.7147520184516907
    ]
  },
  "hardware": "NVIDIA L20",
  "ratios": {
    "chunked_over_full_logits_topk": 1.899856845799418,
    "full_logits_topk_over_chunked": 0.5263554473648892
  },
  "schema_version": 1,
  "shape": {
    "batch": 4,
    "chunk_vocab": 8192,
    "dtype": "float16",
    "hidden": 1536,
    "top_k": 50,
    "vocab": 151936
  }
}
