{
  "bytes": {
    "hidden_bytes": 12288,
    "materialized_logits_bytes": 1215488,
    "weight_bytes": 466747392
  },
  "chunked_lm_head_topk": {
    "median_ms": 1.1950080394744873,
    "p10_ms": 1.1898880004882812,
    "p90_ms": 1.1970560550689697,
    "samples_ms": [
      1.2001279592514038,
      1.1909120082855225,
      1.1970560550689697,
      1.1960320472717285,
      1.193984031677246,
      1.1898880004882812,
      1.1898880004882812,
      1.1970560550689697,
      1.1970560550689697,
      1.1909120082855225,
      1.1909120082855225,
      1.1970560550689697
    ]
  },
  "full_logits_topk": {
    "median_ms": 0.711679995059967,
    "p10_ms": 0.7065600156784058,
    "p90_ms": 0.7147520184516907,
    "samples_ms": [
      0.7260159850120544,
      0.7147520184516907,
      0.7127040028572083,
      0.7065600156784058,
      0.711679995059967,
      0.7127040028572083,
      0.7106559872627258,
      0.707584023475647,
      0.7127040028572083,
      0.711679995059967,
      0.7106559872627258,
      0.7065600156784058
    ]
  },
  "hardware": "NVIDIA L20",
  "ratios": {
    "chunked_over_full_logits_topk": 1.679136757769613,
    "full_logits_top1_over_triton_top1": 1.0427606657349366,
    "full_logits_topk_over_chunked": 0.5955441064421064,
    "triton_top1_over_full_logits_top1": 0.9589928282298614
  },
  "schema_version": 1,
  "shape": {
    "batch": 4,
    "chunk_vocab": 8192,
    "dtype": "float16",
    "hidden": 1536,
    "top_k": 1,
    "vocab": 151936
  },
  "triton_lm_head_top1": {
    "median_ms": 0.6824960112571716,
    "p10_ms": 0.6799359917640686,
    "p90_ms": 0.6881279945373535,
    "samples_ms": [
      0.6881279945373535,
      0.6830080151557922,
      0.6860799789428711,
      0.6809599995613098,
      0.6860799789428711,
      0.6850559711456299,
      0.6809599995613098,
      0.6799359917640686,
      0.6809599995613098,
      0.6901760101318359,
      0.6799359917640686,
      0.681984007358551
    ]
  },
  "triton_lm_head_top1_launch": {
    "block_hidden": 128,
    "block_vocab": 16,
    "blocks_per_row": 9496,
    "num_warps": 4,
    "reduce_block": 16384,
    "strategy": "two_stage_direct_lm_head_top1"
  }
}
