{
  "bytes": {
    "hidden_bytes": 3072,
    "materialized_logits_bytes": 303872,
    "weight_bytes": 466747392
  },
  "chunked_lm_head_topk": {
    "median_ms": 1.1115520000457764,
    "p10_ms": 1.1100159883499146,
    "p90_ms": 1.120255947113037,
    "samples_ms": [
      1.120255947113037,
      1.1110399961471558,
      1.1100159883499146,
      1.112064003944397,
      1.1182080507278442,
      1.1182080507278442,
      1.1161919832229614,
      1.1110399961471558,
      1.1110399961471558,
      1.1110399961471558,
      1.1100159883499146,
      1.120255947113037
    ]
  },
  "full_logits_topk": {
    "median_ms": 0.6609919965267181,
    "p10_ms": 0.6543359756469727,
    "p90_ms": 0.66457599401474,
    "samples_ms": [
      0.6696959733963013,
      0.66457599401474,
      0.6615039706230164,
      0.6543359756469727,
      0.6615039706230164,
      0.66457599401474,
      0.6533120274543762,
      0.6594560146331787,
      0.6604800224304199,
      0.6594560146331787,
      0.6594560146331787,
      0.6635519862174988
    ]
  },
  "hardware": "NVIDIA L20",
  "ratios": {
    "chunked_over_full_logits_topk": 1.6816421467833098,
    "full_logits_top1_over_triton_top1": 0.9787717680759717,
    "full_logits_topk_over_chunked": 0.594656837016619,
    "triton_top1_over_full_logits_top1": 1.0216886434778947
  },
  "schema_version": 1,
  "shape": {
    "batch": 1,
    "chunk_vocab": 8192,
    "dtype": "float16",
    "hidden": 1536,
    "top_k": 1,
    "vocab": 151936
  },
  "triton_lm_head_top1": {
    "median_ms": 0.6753280162811279,
    "p10_ms": 0.6696959733963013,
    "p90_ms": 0.681984007358551,
    "samples_ms": [
      0.6830080151557922,
      0.6717439889907837,
      0.681984007358551,
      0.6789119839668274,
      0.6696959733963013,
      0.6809599995613098,
      0.6737920045852661,
      0.6758400201797485,
      0.6758400201797485,
      0.6737920045852661,
      0.6748160123825073,
      0.6696959733963013
    ]
  },
  "triton_lm_head_top1_launch": {
    "block_hidden": 128,
    "block_vocab": 64,
    "blocks_per_row": 2374,
    "num_warps": 8,
    "reduce_block": 4096,
    "strategy": "two_stage_direct_lm_head_top1"
  }
}
