{
  "bytes": {
    "hidden_bytes": 12288,
    "materialized_logits_bytes": 1215488,
    "weight_bytes": 466747392
  },
  "chunked_lm_head_topk": {
    "median_ms": 0.7854080200195312,
    "p10_ms": 0.7772160172462463,
    "p90_ms": 0.7864320278167725,
    "samples_ms": [
      0.7864320278167725,
      0.7864320278167725,
      0.7915520071983337,
      0.7854080200195312,
      0.7854080200195312,
      0.7772160172462463,
      0.7813119888305664,
      0.7823359966278076,
      0.7854080200195312,
      0.7854080200195312,
      0.777184009552002,
      0.7802879810333252
    ]
  },
  "full_logits_topk": {
    "median_ms": 0.7167999744415283,
    "p10_ms": 0.7127040028572083,
    "p90_ms": 0.7229440212249756,
    "samples_ms": [
      0.7249919772148132,
      0.7208960056304932,
      0.7167999744415283,
      0.7127040028572083,
      0.7167999744415283,
      0.7178239822387695,
      0.7178239822387695,
      0.7127040028572083,
      0.7229440212249756,
      0.7157760262489319,
      0.7167999744415283,
      0.7137280106544495
    ]
  },
  "hardware": "NVIDIA L20",
  "ratios": {
    "chunked_over_full_logits_topk": 1.0957143527124937,
    "full_logits_topk_over_chunked": 0.9126466195541308
  },
  "schema_version": 1,
  "shape": {
    "batch": 4,
    "chunk_vocab": 131072,
    "dtype": "float16",
    "hidden": 1536,
    "top_k": 50,
    "vocab": 151936
  }
}
