{
  "bytes": {
    "hidden_bytes": 3072,
    "materialized_logits_bytes": 303872,
    "weight_bytes": 466747392
  },
  "chunked_lm_head_topk": {
    "median_ms": 1.1192320585250854,
    "p10_ms": 1.1130880117416382,
    "p90_ms": 1.1223039627075195,
    "samples_ms": [
      1.1223039627075195,
      1.1212799549102783,
      1.120255947113037,
      1.120255947113037,
      1.1182080507278442,
      1.1130880117416382,
      1.1130880117416382,
      1.1192320585250854,
      1.1223039627075195,
      1.1192320585250854,
      1.1192320585250854,
      1.1182080507278442
    ]
  },
  "full_logits_topk": {
    "median_ms": 0.6604800224304199,
    "p10_ms": 0.6574079990386963,
    "p90_ms": 0.6625279784202576,
    "samples_ms": [
      0.6696959733963013,
      0.6574079990386963,
      0.6604800224304199,
      0.6604800224304199,
      0.6604800224304199,
      0.6594560146331787,
      0.6604800224304199,
      0.6553599834442139,
      0.6594560146331787,
      0.6604800224304199,
      0.6625279784202576,
      0.6574079990386963
    ]
  },
  "hardware": "NVIDIA L20",
  "ratios": {
    "chunked_over_full_logits_topk": 1.6945736744717272,
    "full_logits_top1_over_triton_top1": 0.9787557057197372,
    "full_logits_topk_over_chunked": 0.5901189278841734,
    "triton_top1_over_full_logits_top1": 1.0217054104064105
  },
  "schema_version": 1,
  "shape": {
    "batch": 1,
    "chunk_vocab": 8192,
    "dtype": "float16",
    "hidden": 1536,
    "top_k": 1,
    "vocab": 151936
  },
  "triton_lm_head_top1": {
    "median_ms": 0.6748160123825073,
    "p10_ms": 0.6707199811935425,
    "p90_ms": 0.681984007358551,
    "samples_ms": [
      0.6809599995613098,
      0.6768640279769897,
      0.681984007358551,
      0.6707199811935425,
      0.6748160123825073,
      0.6758400201797485,
      0.6891520023345947,
      0.6737920045852661,
      0.6748160123825073,
      0.6737920045852661,
      0.6696959733963013,
      0.6748160123825073
    ]
  },
  "triton_lm_head_top1_launch": {
    "block_hidden": 128,
    "block_vocab": 16,
    "blocks_per_row": 9496,
    "num_warps": 4,
    "reduce_block": 16384,
    "strategy": "two_stage_direct_lm_head_top1"
  }
}
