{
  "bytes": {
    "hidden_bytes": 12288,
    "materialized_logits_bytes": 1215488,
    "weight_bytes": 466747392
  },
  "chunked_lm_head_topk": {
    "median_ms": 1.1960320472717285,
    "p10_ms": 1.1909120082855225,
    "p90_ms": 1.1991039514541626,
    "samples_ms": [
      1.2042239904403687,
      1.199072003364563,
      1.1919679641723633,
      1.1970560550689697,
      1.1970560550689697,
      1.1909120082855225,
      1.1991039514541626,
      1.1950080394744873,
      1.1950080394744873,
      1.1950080394744873,
      1.1909120082855225,
      1.1970560550689697
    ]
  },
  "full_logits_topk": {
    "median_ms": 0.711679995059967,
    "p10_ms": 0.7065600156784058,
    "p90_ms": 0.7137280106544495,
    "samples_ms": [
      0.7188479900360107,
      0.7137280106544495,
      0.711679995059967,
      0.7065600156784058,
      0.711679995059967,
      0.711679995059967,
      0.7055360078811646,
      0.711679995059967,
      0.7106239795684814,
      0.711679995059967,
      0.7065600156784058,
      0.7127040028572083
    ]
  },
  "hardware": "NVIDIA L20",
  "ratios": {
    "chunked_over_full_logits_topk": 1.6805756176565696,
    "full_logits_top1_over_triton_top1": 1.032689439556231,
    "full_logits_topk_over_chunked": 0.5950342189269777,
    "triton_top1_over_full_logits_top1": 0.9683453337430483
  },
  "schema_version": 1,
  "shape": {
    "batch": 4,
    "chunk_vocab": 8192,
    "dtype": "float16",
    "hidden": 1536,
    "top_k": 1,
    "vocab": 151936
  },
  "triton_lm_head_top1": {
    "median_ms": 0.6891520023345947,
    "p10_ms": 0.6850559711456299,
    "p90_ms": 0.6901760101318359,
    "samples_ms": [
      0.6932479739189148,
      0.6901760101318359,
      0.6901760101318359,
      0.6860799789428711,
      0.6901760101318359,
      0.6901760101318359,
      0.6901760101318359,
      0.6850559711456299,
      0.6881279945373535,
      0.6871039867401123,
      0.6830080151557922,
      0.6860799789428711
    ]
  },
  "triton_lm_head_top1_launch": {
    "block_hidden": 64,
    "block_vocab": 16,
    "blocks_per_row": 9496,
    "num_warps": 4,
    "reduce_block": 16384,
    "strategy": "two_stage_direct_lm_head_top1"
  }
}
