{
  "bytes": {
    "hidden_bytes": 12288,
    "materialized_logits_bytes": 1215488,
    "weight_bytes": 466747392
  },
  "chunked_lm_head_topk": {
    "median_ms": 1.1944960355758667,
    "p10_ms": 1.1898880004882812,
    "p90_ms": 1.1980799436569214,
    "samples_ms": [
      1.2001279592514038,
      1.1898880004882812,
      1.1898880004882812,
      1.1980799436569214,
      1.1960320472717285,
      1.1929600238800049,
      1.1909120082855225,
      1.1980799436569214,
      1.1980799436569214,
      1.1970560550689697,
      1.1888959407806396,
      1.1898880004882812
    ]
  },
  "full_logits_topk": {
    "median_ms": 0.711679995059967,
    "p10_ms": 0.7055360078811646,
    "p90_ms": 0.7137280106544495,
    "samples_ms": [
      0.7208960056304932,
      0.7137280106544495,
      0.711679995059967,
      0.7096319794654846,
      0.7106559872627258,
      0.711679995059967,
      0.7055360078811646,
      0.7096319794654846,
      0.711679995059967,
      0.711679995059967,
      0.7055360078811646,
      0.711679995059967
    ]
  },
  "hardware": "NVIDIA L20",
  "ratios": {
    "chunked_over_full_logits_topk": 1.6784173278261347,
    "full_logits_top1_over_triton_top1": 1.0482654775095865,
    "full_logits_topk_over_chunked": 0.5957993780338217,
    "triton_top1_over_full_logits_top1": 0.9539568186255136
  },
  "schema_version": 1,
  "shape": {
    "batch": 4,
    "chunk_vocab": 8192,
    "dtype": "float16",
    "hidden": 1536,
    "top_k": 1,
    "vocab": 151936
  },
  "triton_lm_head_top1": {
    "median_ms": 0.6789119839668274,
    "p10_ms": 0.6758400201797485,
    "p90_ms": 0.7690240144729614,
    "samples_ms": [
      0.766975998878479,
      0.7690240144729614,
      0.7864320278167725,
      0.6778879761695862,
      0.6809599995613098,
      0.6840320229530334,
      0.6778879761695862,
      0.6789119839668274,
      0.6789119839668274,
      0.6737920045852661,
      0.6758400201797485,
      0.6758400201797485
    ]
  },
  "triton_lm_head_top1_launch": {
    "block_hidden": 128,
    "block_vocab": 64,
    "blocks_per_row": 2374,
    "num_warps": 8,
    "reduce_block": 4096,
    "strategy": "two_stage_direct_lm_head_top1"
  }
}
