{
  "bytes": {
    "hidden_bytes": 12288,
    "materialized_logits_bytes": 1215488,
    "weight_bytes": 466747392
  },
  "chunked_lm_head_topk": {
    "median_ms": 1.1996159553527832,
    "p10_ms": 1.193984031677246,
    "p90_ms": 1.206272006034851,
    "samples_ms": [
      1.206272006034851,
      1.1970560550689697,
      1.1950080394744873,
      1.206272006034851,
      1.201151967048645,
      1.200160026550293,
      1.1929600238800049,
      1.193984031677246,
      1.1991039514541626,
      1.2001279592514038,
      1.2031999826431274,
      1.193984031677246
    ]
  },
  "full_logits_topk": {
    "median_ms": 0.711679995059967,
    "p10_ms": 0.707584023475647,
    "p90_ms": 0.7147520184516907,
    "samples_ms": [
      0.719871997833252,
      0.7147520184516907,
      0.711679995059967,
      0.711679995059967,
      0.7127040028572083,
      0.7127040028572083,
      0.707584023475647,
      0.7127040028572083,
      0.7106559872627258,
      0.707584023475647,
      0.7106559872627258,
      0.711679995059967
    ]
  },
  "hardware": "NVIDIA L20",
  "ratios": {
    "chunked_over_full_logits_topk": 1.6856114597568561,
    "full_logits_top1_over_triton_top1": 0.9978463583524315,
    "full_logits_topk_over_chunked": 0.5932565267112307,
    "triton_top1_over_full_logits_top1": 1.0021582898304349
  },
  "schema_version": 1,
  "shape": {
    "batch": 4,
    "chunk_vocab": 8192,
    "dtype": "float16",
    "hidden": 1536,
    "top_k": 1,
    "vocab": 151936
  },
  "triton_lm_head_top1": {
    "median_ms": 0.7132160067558289,
    "p10_ms": 0.7096319794654846,
    "p90_ms": 0.7157760262489319,
    "samples_ms": [
      0.7167999744415283,
      0.7147520184516907,
      0.711679995059967,
      0.7147840261459351,
      0.7147520184516907,
      0.7157760262489319,
      0.707584023475647,
      0.7106559872627258,
      0.7127040028572083,
      0.7127040028572083,
      0.7096319794654846,
      0.7137280106544495
    ]
  },
  "triton_lm_head_top1_launch": {
    "block_hidden": 64,
    "block_vocab": 32,
    "blocks_per_row": 4748,
    "num_warps": 4,
    "reduce_block": 8192,
    "strategy": "two_stage_direct_lm_head_top1"
  }
}
