{
  "bytes": {
    "hidden_bytes": 12288,
    "materialized_logits_bytes": 1215488,
    "weight_bytes": 466747392
  },
  "chunked_lm_head_topk": {
    "median_ms": 1.628159999847412,
    "p10_ms": 1.6209919452667236,
    "p90_ms": 1.6506880521774292,
    "samples_ms": [
      1.6640000343322754,
      1.6383999586105347,
      1.6506880521774292,
      1.6189440488815308,
      1.6209919452667236,
      1.6302080154418945,
      1.6209919452667236,
      1.6220159530639648,
      1.6383999586105347,
      1.6261119842529297,
      1.6220159530639648,
      1.6414719820022583
    ]
  },
  "full_logits_topk": {
    "median_ms": 0.7147520184516907,
    "p10_ms": 0.7106559872627258,
    "p90_ms": 0.7157760262489319,
    "samples_ms": [
      0.7249919772148132,
      0.7127040028572083,
      0.7147520184516907,
      0.7157760262489319,
      0.7157760262489319,
      0.7106559872627258,
      0.7157760262489319,
      0.7147520184516907,
      0.7157760262489319,
      0.7106559872627258,
      0.7147520184516907,
      0.7137280106544495
    ]
  },
  "hardware": "NVIDIA L20",
  "ratios": {
    "chunked_over_full_logits_topk": 2.2779369037311192,
    "full_logits_topk_over_chunked": 0.43899372206581405
  },
  "schema_version": 1,
  "shape": {
    "batch": 4,
    "chunk_vocab": 4096,
    "dtype": "float16",
    "hidden": 1536,
    "top_k": 50,
    "vocab": 151936
  }
}
