{
  "bytes": {
    "hidden_bytes": 1024,
    "materialized_logits_bytes": 16384,
    "weight_bytes": 8388608
  },
  "chunked_lm_head_topk": {
    "median_ms": 0.2032639980316162,
    "p10_ms": 0.19660800695419312,
    "p90_ms": 0.2303999960422516,
    "samples_ms": [
      0.2303999960422516,
      0.20479999482631683,
      0.24268800020217896,
      0.2017280012369156,
      0.19763199985027313,
      0.19660800695419312,
      0.2252800017595291,
      0.19968000054359436,
      0.1945600062608719,
      0.20582400262355804
    ]
  },
  "full_logits_topk": {
    "median_ms": 0.04608000069856644,
    "p10_ms": 0.04505600035190582,
    "p90_ms": 0.04915200173854828,
    "samples_ms": [
      0.06451199948787689,
      0.04915200173854828,
      0.04710400104522705,
      0.04710400104522705,
      0.04608000069856644,
      0.04505600035190582,
      0.04505600035190582,
      0.04505600035190582,
      0.04505600035190582,
      0.04608000069856644
    ]
  },
  "hardware": "NVIDIA L20",
  "ratios": {
    "chunked_over_full_logits_topk": 4.411111001522616,
    "full_logits_top1_over_triton_top1": 0.882352970548849,
    "full_logits_topk_over_chunked": 0.22670025752125092,
    "triton_top1_over_full_logits_top1": 1.1333332956061464
  },
  "schema_version": 1,
  "shape": {
    "batch": 1,
    "chunk_vocab": 2048,
    "dtype": "float16",
    "hidden": 512,
    "top_k": 1,
    "vocab": 8192
  },
  "triton_lm_head_top1": {
    "median_ms": 0.05222399905323982,
    "p10_ms": 0.050175998359918594,
    "p90_ms": 0.06143999844789505,
    "samples_ms": [
      0.06860800087451935,
      0.06143999844789505,
      0.05734400078654289,
      0.05222399905323982,
      0.05119999870657921,
      0.048128001391887665,
      0.050175998359918594,
      0.05222399905323982,
      0.05222399905323982,
      0.050175998359918594
    ]
  },
  "triton_lm_head_top1_launch": {
    "block_hidden": 64,
    "block_vocab": 32,
    "blocks_per_row": 256,
    "num_warps": 4,
    "reduce_block": 256,
    "strategy": "two_stage_direct_lm_head_top1"
  }
}
