{
  "chunks": {
    "max": 63,
    "mean": 61.5,
    "median": 61.5,
    "min": 60
  },
  "itl_ms": {
    "max": 5.925335916496503,
    "mean": 2.771307325755019,
    "median": 2.309933546976672,
    "min": 2.0763258545494248
  },
  "max_tokens": 64,
  "model": "facebook/opt-125m",
  "ok_runs": 10,
  "runs": 10,
  "total_ms": {
    "max": 366.6267629596405,
    "mean": 176.5269364870619,
    "median": 146.78041549632326,
    "min": 138.8320899568498
  },
  "ttft_ms": {
    "max": 11.137167981360108,
    "mean": 8.986892097163945,
    "median": 8.866121002938598,
    "min": 7.1267649764195085
  },
  "warmup": 2
}
