{
  "completed": 64,
  "errors": [],
  "failed": 0,
  "input_tokens_requested": 512,
  "max_concurrency": 4,
  "median_e2el_ms": 526.0651925345883,
  "median_itl_ms": 14.741465914994478,
  "median_ttft_ms": 55.21840101573616,
  "model": "qwen3-0p6b",
  "num_prompts": 64,
  "output_throughput": 242.49350549097164,
  "output_tokens_requested": 32,
  "p95_itl_ms": 16.19549305178225,
  "p95_ttft_ms": 74.19651700183749,
  "request_throughput": 7.592751639639034,
  "schema_version": 1,
  "trace": {
    "trace_exists": false
  },
  "variant": "baseline"
}
