{
  "completed": 64,
  "errors": [],
  "failed": 0,
  "input_tokens_requested": 512,
  "max_concurrency": 8,
  "median_e2el_ms": 522.019948111847,
  "median_itl_ms": 14.522419078275561,
  "median_ttft_ms": 61.18462095037103,
  "model": "qwen3-0p6b",
  "num_prompts": 64,
  "output_throughput": 481.27523079712404,
  "output_tokens_requested": 32,
  "p95_itl_ms": 15.291430056095123,
  "p95_ttft_ms": 108.49571996368468,
  "request_throughput": 15.047198227169487,
  "schema_version": 1,
  "trace": {
    "trace_exists": false
  },
  "variant": "baseline"
}
