{
  "gpu": "NVIDIA L20",
  "operator": "longspec_irregular_tree_attention",
  "reports": [
    {
      "batch": 1,
      "block_t": 128,
      "branch": 2,
      "cached_length": 4096,
      "draft_length": 16,
      "mask": {
        "density": 0.2109375,
        "max_depth": 4,
        "mean_depth": 2.375,
        "mean_visible_draft_tokens": 3.375,
        "parent": [
          -1,
          0,
          0,
          1,
          1,
          2,
          2,
          3,
          3,
          4,
          4,
          5,
          5,
          6,
          6,
          7
        ]
      },
      "monolithic_correct": true,
      "monolithic_max_abs_error": 3.0517578125e-05,
      "monolithic_ms": 0.18952192306518556,
      "monolithic_speedup_vs_torch_dense": 1.3771342095789756,
      "paged_correct": true,
      "paged_max_abs_error": 3.0517578125e-05,
      "paged_ms": 0.16295936584472656,
      "paged_speedup_vs_torch_dense": 1.601608611848361,
      "paged_vs_monolithic": 1.1630011081766773,
      "paged_vs_split": 0.9384189450925845,
      "split_correct": true,
      "split_max_abs_error": 3.0517578125e-05,
      "split_ms": 0.15292415618896485,
      "split_speedup_vs_torch_dense": 1.7067095887438057,
      "split_vs_monolithic": 1.239319724157887,
      "torch_dense_ms": 0.2609971237182617,
      "tree": "balanced"
    },
    {
      "batch": 1,
      "block_t": 128,
      "branch": 4,
      "cached_length": 4096,
      "draft_length": 16,
      "mask": {
        "density": 0.1640625,
        "max_depth": 2,
        "mean_depth": 1.625,
        "mean_visible_draft_tokens": 2.625,
        "parent": [
          -1,
          0,
          0,
          0,
          0,
          1,
          1,
          1,
          1,
          2,
          2,
          2,
          2,
          3,
          3,
          3
        ]
      },
      "monolithic_correct": true,
      "monolithic_max_abs_error": 3.0517578125e-05,
      "monolithic_ms": 0.18810848236083985,
      "monolithic_speedup_vs_torch_dense": 1.3676670010713523,
      "paged_correct": true,
      "paged_max_abs_error": 3.0517578125e-05,
      "paged_ms": 0.1616691207885742,
      "paged_speedup_vs_torch_dense": 1.5913352079336323,
      "paged_vs_monolithic": 1.1635399601562886,
      "paged_vs_split": 0.944641521035927,
      "split_correct": true,
      "split_max_abs_error": 3.0517578125e-05,
      "split_ms": 0.15271936416625975,
      "split_speedup_vs_torch_dense": 1.68459163872928,
      "split_vs_monolithic": 1.231726463685727,
      "torch_dense_ms": 0.2572697639465332,
      "tree": "balanced"
    },
    {
      "batch": 1,
      "block_t": 128,
      "branch": 2,
      "cached_length": 4096,
      "draft_length": 16,
      "mask": {
        "density": 0.22265625,
        "max_depth": 4,
        "mean_depth": 2.5625,
        "mean_visible_draft_tokens": 3.5625,
        "parent": [
          -1,
          0,
          0,
          2,
          2,
          1,
          1,
          4,
          5,
          7,
          8,
          8,
          6,
          6,
          12,
          5
        ]
      },
      "monolithic_correct": true,
      "monolithic_max_abs_error": 3.0517578125e-05,
      "monolithic_ms": 0.1883033561706543,
      "monolithic_speedup_vs_torch_dense": 1.3579857379864246,
      "paged_correct": true,
      "paged_max_abs_error": 3.0517578125e-05,
      "paged_ms": 0.16252927780151366,
      "paged_speedup_vs_torch_dense": 1.5733366661913823,
      "paged_vs_monolithic": 1.1585811413043798,
      "paged_vs_split": 0.9410912645673183,
      "split_correct": true,
      "split_max_abs_error": 3.0517578125e-05,
      "split_ms": 0.15295488357543946,
      "split_speedup_vs_torch_dense": 1.6718215601700956,
      "split_vs_monolithic": 1.2311039161935649,
      "torch_dense_ms": 0.25571327209472655,
      "tree": "random"
    },
    {
      "batch": 1,
      "block_t": 128,
      "branch": 4,
      "cached_length": 4096,
      "draft_length": 16,
      "mask": {
        "density": 0.2421875,
        "max_depth": 5,
        "mean_depth": 2.875,
        "mean_visible_draft_tokens": 3.875,
        "parent": [
          -1,
          0,
          1,
          1,
          3,
          4,
          3,
          6,
          4,
          6,
          1,
          7,
          6,
          0,
          12,
          1
        ]
      },
      "monolithic_correct": true,
      "monolithic_max_abs_error": 3.0517578125e-05,
      "monolithic_ms": 0.18788351058959962,
      "monolithic_speedup_vs_torch_dense": 1.3632003916143605,
      "paged_correct": true,
      "paged_max_abs_error": 3.0517578125e-05,
      "paged_ms": 0.16141311645507814,
      "paged_speedup_vs_torch_dense": 1.5867537957171094,
      "paged_vs_monolithic": 1.1639915932227745,
      "paged_vs_split": 0.943411827625617,
      "split_correct": true,
      "split_max_abs_error": 3.0517578125e-05,
      "split_ms": 0.15227904319763183,
      "split_speedup_vs_torch_dense": 1.681931208887489,
      "split_vs_monolithic": 1.2338106849394854,
      "torch_dense_ms": 0.25612287521362304,
      "tree": "random"
    },
    {
      "batch": 1,
      "block_t": 128,
      "branch": 2,
      "cached_length": 4096,
      "draft_length": 32,
      "mask": {
        "density": 0.1318359375,
        "max_depth": 5,
        "mean_depth": 3.21875,
        "mean_visible_draft_tokens": 4.21875,
        "parent": [
          -1,
          0,
          0,
          1,
          1,
          2,
          2,
          3,
          3,
          4,
          4,
          5,
          5,
          6,
          6,
          7,
          7,
          8,
          8,
          9,
          9,
          10,
          10,
          11,
          11,
          12,
          12,
          13,
          13,
          14,
          14,
          15
        ]
      },
      "monolithic_correct": true,
      "monolithic_max_abs_error": 6.103515625e-05,
      "monolithic_ms": 0.39587841033935545,
      "monolithic_speedup_vs_torch_dense": 1.3745472871436537,
      "paged_correct": true,
      "paged_max_abs_error": 6.103515625e-05,
      "paged_ms": 0.34923519134521486,
      "paged_speedup_vs_torch_dense": 1.5581293307661361,
      "paged_vs_monolithic": 1.1335581870042253,
      "paged_vs_split": 0.92992226862921,
      "split_correct": true,
      "split_max_abs_error": 6.103515625e-05,
      "split_ms": 0.32476158142089845,
      "split_speedup_vs_torch_dense": 1.6755479283907897,
      "split_vs_monolithic": 1.2189816560422766,
      "torch_dense_ms": 0.5441535949707031,
      "tree": "balanced"
    },
    {
      "batch": 1,
      "block_t": 128,
      "branch": 4,
      "cached_length": 4096,
      "draft_length": 32,
      "mask": {
        "density": 0.0986328125,
        "max_depth": 3,
        "mean_depth": 2.15625,
        "mean_visible_draft_tokens": 3.15625,
        "parent": [
          -1,
          0,
          0,
          0,
          0,
          1,
          1,
          1,
          1,
          2,
          2,
          2,
          2,
          3,
          3,
          3,
          3,
          4,
          4,
          4,
          4,
          5,
          5,
          5,
          5,
          6,
          6,
          6,
          6,
          7,
          7,
          7
        ]
      },
      "monolithic_correct": true,
      "monolithic_max_abs_error": 3.0517578125e-05,
      "monolithic_ms": 0.3947110366821289,
      "monolithic_speedup_vs_torch_dense": 1.3788201597875658,
      "paged_correct": true,
      "paged_max_abs_error": 3.0517578125e-05,
      "paged_ms": 0.34576385498046874,
      "paged_speedup_vs_torch_dense": 1.5740093327531621,
      "paged_vs_monolithic": 1.141562459454951,
      "paged_vs_split": 0.9407983811106629,
      "split_correct": true,
      "split_max_abs_error": 3.0517578125e-05,
      "split_ms": 0.32529407501220703,
      "split_speedup_vs_torch_dense": 1.6730570166319372,