{
  "gpu": "NVIDIA L20",
  "operator": "longspec_irregular_tree_attention",
  "reports": [
    {
      "batch": 1,
      "block_t": 128,
      "branch": 2,
      "cached_length": 4096,
      "draft_length": 32,
      "mask": {
        "density": 0.158203125,
        "max_depth": 7,
        "mean_depth": 4.0625,
        "mean_visible_draft_tokens": 5.0625,
        "parent": [
          -1,
          0,
          1,
          2,
          2,
          1,
          3,
          4,
          3,
          8,
          8,
          5,
          4,
          6,
          0,
          7,
          14,
          10,
          15,
          7,
          9,
          11,
          11,
          5,
          21,
          23,
          25,
          20,
          6,
          9,
          25,
          10
        ]
      },
      "monolithic_correct": true,
      "monolithic_max_abs_error": 6.103515625e-05,
      "monolithic_ms": 0.39596373240152993,
      "monolithic_speedup_vs_torch_dense": 1.466316076295153,
      "page_order": "random",
      "paged_correct": true,
      "paged_max_abs_error": 6.103515625e-05,
      "paged_ms": 0.348416010538737,
      "paged_speedup_vs_torch_dense": 1.6664216594192451,
      "paged_vs_monolithic": 1.1364682460753524,
      "paged_vs_split": 0.929879965913093,
      "split_correct": true,
      "split_max_abs_error": 6.103515625e-05,
      "split_ms": 0.3239850680033366,
      "split_speedup_vs_torch_dense": 1.7920825488297376,
      "split_vs_monolithic": 1.2221666104607392,
      "torch_dense_ms": 0.5806079864501953,
      "tree": "random"
    },
    {
      "batch": 1,
      "block_t": 128,
      "branch": 2,
      "cached_length": 4096,
      "draft_length": 32,
      "mask": {
        "density": 0.158203125,
        "max_depth": 7,
        "mean_depth": 4.0625,
        "mean_visible_draft_tokens": 5.0625,
        "parent": [
          -1,
          0,
          1,
          2,
          2,
          1,
          3,
          4,
          3,
          8,
          8,
          5,
          4,
          6,
          0,
          7,
          14,
          10,
          15,
          7,
          9,
          11,
          11,
          5,
          21,
          23,
          25,
          20,
          6,
          9,
          25,
          10
        ]
      },
      "monolithic_correct": true,
      "monolithic_max_abs_error": 6.103515625e-05,
      "monolithic_ms": 0.3962623914082845,
      "monolithic_speedup_vs_torch_dense": 1.4601288356664566,
      "page_order": "contiguous",
      "paged_correct": true,
      "paged_max_abs_error": 6.103515625e-05,
      "paged_ms": 0.350600528717041,
      "paged_speedup_vs_torch_dense": 1.6502945568925533,
      "paged_vs_monolithic": 1.1302390012312156,
      "paged_vs_split": 0.9208732589780395,
      "split_correct": true,
      "split_max_abs_error": 6.103515625e-05,
      "split_ms": 0.32285865147908527,
      "split_speedup_vs_torch_dense": 1.792097382352058,
      "split_vs_monolithic": 1.2273556542249087,
      "torch_dense_ms": 0.5785941441853841,
      "tree": "random"
    },
    {
      "batch": 1,
      "block_t": 128,
      "branch": 4,
      "cached_length": 4096,
      "draft_length": 32,
      "mask": {
        "density": 0.109375,
        "max_depth": 4,
        "mean_depth": 2.5,
        "mean_visible_draft_tokens": 3.5,
        "parent": [
          -1,
          0,
          0,
          0,
          1,
          4,
          2,
          2,
          0,
          5,
          1,
          1,
          1,
          6,
          6,
          10,
          2,
          2,
          16,
          11,
          8,
          20,
          4,
          7,
          18,
          20,
          16,
          3,
          4,
          15,
          5,
          18
        ]
      },
      "monolithic_correct": true,
      "monolithic_max_abs_error": 6.103515625e-05,
      "monolithic_ms": 0.3963221232096354,
      "monolithic_speedup_vs_torch_dense": 1.4533632849547167,
      "page_order": "random",
      "paged_correct": true,
      "paged_max_abs_error": 6.103515625e-05,
      "paged_ms": 0.3464703877766927,
      "paged_speedup_vs_torch_dense": 1.662479805516388,
      "paged_vs_monolithic": 1.1438845488436753,
      "paged_vs_split": 0.931455830508002,
      "split_correct": true,
      "split_max_abs_error": 6.103515625e-05,
      "split_ms": 0.32272186279296877,
      "split_speedup_vs_torch_dense": 1.7848187225471515,
      "split_vs_monolithic": 1.22806096797936,
      "torch_dense_ms": 0.5760000228881836,
      "tree": "random"
    },
    {
      "batch": 1,
      "block_t": 128,
      "branch": 4,
      "cached_length": 4096,
      "draft_length": 32,
      "mask": {
        "density": 0.109375,
        "max_depth": 4,
        "mean_depth": 2.5,
        "mean_visible_draft_tokens": 3.5,
        "parent": [
          -1,
          0,
          0,
          0,
          1,
          4,
          2,
          2,
          0,
          5,
          1,
          1,
          1,
          6,
          6,
          10,
          2,
          2,
          16,
          11,
          8,
          20,
          4,
          7,
          18,
          20,
          16,
          3,
          4,
          15,
          5,
          18
        ]
      },
      "monolithic_correct": true,
      "monolithic_max_abs_error": 6.103515625e-05,
      "monolithic_ms": 0.3961941401163737,
      "monolithic_speedup_vs_torch_dense": 1.4541773013169181,
      "page_order": "contiguous",
      "paged_correct": true,
      "paged_max_abs_error": 6.103515625e-05,
      "paged_ms": 0.3474687894185384,
      "paged_speedup_vs_torch_dense": 1.65809575713584,
      "paged_vs_monolithic": 1.1402294311940169,
      "paged_vs_split": 0.9343304463148407,
      "split_correct": true,
      "split_max_abs_error": 6.103515625e-05,
      "split_ms": 0.3246506690979004,
      "split_speedup_vs_torch_dense": 1.774635262797711,
      "split_vs_monolithic": 1.2203706255011566,
      "torch_dense_ms": 0.5761365254720052,
      "tree": "random"
    }
  ],
  "schema_version": 1
}
