{
  "gpu": "NVIDIA L20",
  "operator": "longspec_irregular_tree_attention",
  "reports": [
    {
      "batch": 1,
      "block_t": 128,
      "branch": 2,
      "cached_length": 4096,
      "draft_length": 32,
      "mask": {
        "density": 0.158203125,
        "max_depth": 7,
        "mean_depth": 4.0625,
        "mean_visible_draft_tokens": 5.0625,
        "parent": [
          -1,
          0,
          1,
          2,
          2,
          1,
          3,
          4,
          3,
          8,
          8,
          5,
          4,
          6,
          0,
          7,
          14,
          10,
          15,
          7,
          9,
          11,
          11,
          5,
          21,
          23,
          25,
          20,
          6,
          9,
          25,
          10
        ]
      },
      "monolithic_correct": true,
      "monolithic_max_abs_error": 6.103515625e-05,
      "monolithic_ms": 0.39676586786905926,
      "monolithic_speedup_vs_torch_dense": 1.4636958459439917,
      "page_order": "random",
      "paged_correct": true,
      "paged_max_abs_error": 6.103515625e-05,
      "paged_ms": 0.34870611826578773,
      "paged_speedup_vs_torch_dense": 1.6654269087692195,
      "paged_vs_monolithic": 1.1378230753228133,
      "paged_vs_split": 0.9294733706093327,
      "split_correct": true,
      "split_max_abs_error": 6.103515625e-05,
      "split_ms": 0.3241130510965983,
      "split_speedup_vs_torch_dense": 1.7917962595070576,
      "split_vs_monolithic": 1.2241588745860392,
      "torch_dense_ms": 0.5807445526123047,
      "tree": "random"
    },
    {
      "batch": 1,
      "block_t": 128,
      "branch": 2,
      "cached_length": 4096,
      "draft_length": 32,
      "mask": {
        "density": 0.158203125,
        "max_depth": 7,
        "mean_depth": 4.0625,
        "mean_visible_draft_tokens": 5.0625,
        "parent": [
          -1,
          0,
          1,
          2,
          2,
          1,
          3,
          4,
          3,
          8,
          8,
          5,
          4,
          6,
          0,
          7,
          14,
          10,
          15,
          7,
          9,
          11,
          11,
          5,
          21,
          23,
          25,
          20,
          6,
          9,
          25,
          10
        ]
      },
      "monolithic_correct": true,
      "monolithic_max_abs_error": 6.103515625e-05,
      "monolithic_ms": 0.3971325238545736,
      "monolithic_speedup_vs_torch_dense": 1.4560700965659248,
      "page_order": "contiguous",
      "paged_correct": true,
      "paged_max_abs_error": 6.103515625e-05,
      "paged_ms": 0.32835413614908854,
      "paged_speedup_vs_torch_dense": 1.7610644383533633,
      "paged_vs_monolithic": 1.2094640515636945,
      "paged_vs_split": 0.9876816319828741,
      "split_correct": true,
      "split_max_abs_error": 6.103515625e-05,
      "split_ms": 0.3243093490600586,
      "split_speedup_vs_torch_dense": 1.7830284388480957,
      "split_vs_monolithic": 1.224548490524795,
      "torch_dense_ms": 0.5782527923583984,
      "tree": "random"
    },
    {
      "batch": 1,
      "block_t": 128,
      "branch": 4,
      "cached_length": 4096,
      "draft_length": 32,
      "mask": {
        "density": 0.109375,
        "max_depth": 4,
        "mean_depth": 2.5,
        "mean_visible_draft_tokens": 3.5,
        "parent": [
          -1,
          0,
          0,
          0,
          1,
          4,
          2,
          2,
          0,
          5,
          1,
          1,
          1,
          6,
          6,
          10,
          2,
          2,
          16,
          11,
          8,
          20,
          4,
          7,
          18,
          20,
          16,
          3,
          4,
          15,
          5,
          18
        ]
      },
      "monolithic_correct": true,
      "monolithic_max_abs_error": 6.103515625e-05,
      "monolithic_ms": 0.3960661252339681,
      "monolithic_speedup_vs_torch_dense": 1.4574913258619377,
      "page_order": "random",
      "paged_correct": true,
      "paged_max_abs_error": 6.103515625e-05,
      "paged_ms": 0.34495999018351237,
      "paged_speedup_vs_torch_dense": 1.6734199861530703,
      "paged_vs_monolithic": 1.1481509059159825,
      "paged_vs_split": 0.9340507024695104,
      "split_correct": true,
      "split_max_abs_error": 6.103515625e-05,
      "split_ms": 0.32221012115478515,
      "split_speedup_vs_torch_dense": 1.791572964646097,
      "split_vs_monolithic": 1.2292168967706125,
      "torch_dense_ms": 0.5772629419962565,
      "tree": "random"
    },
    {
      "batch": 1,
      "block_t": 128,
      "branch": 4,
      "cached_length": 4096,
      "draft_length": 32,
      "mask": {
        "density": 0.109375,
        "max_depth": 4,
        "mean_depth": 2.5,
        "mean_visible_draft_tokens": 3.5,
        "parent": [
          -1,
          0,
          0,
          0,
          1,
          4,
          2,
          2,
          0,
          5,
          1,
          1,
          1,
          6,
          6,
          10,
          2,
          2,
          16,
          11,
          8,
          20,
          4,
          7,
          18,
          20,
          16,
          3,
          4,
          15,
          5,
          18
        ]
      },
      "monolithic_correct": true,
      "monolithic_max_abs_error": 6.103515625e-05,
      "monolithic_ms": 0.39597225189208984,
      "monolithic_speedup_vs_torch_dense": 1.4574919658547825,
      "page_order": "contiguous",
      "paged_correct": true,
      "paged_max_abs_error": 6.103515625e-05,
      "paged_ms": 0.3303082784016927,
      "paged_speedup_vs_torch_dense": 1.7472355783111662,
      "paged_vs_monolithic": 1.1987960271784113,
      "paged_vs_split": 0.984370103747618,
      "split_correct": true,
      "split_max_abs_error": 6.103515625e-05,
      "split_ms": 0.32514559427897133,
      "split_speedup_vs_torch_dense": 1.7749783050696333,
      "split_vs_monolithic": 1.2178305929999778,
      "torch_dense_ms": 0.5771263758341472,
      "tree": "random"
    }
  ],
  "schema_version": 1
}
