{
  "chunks": {
    "max": 64,
    "mean": 64,
    "median": 64.0,
    "min": 64
  },
  "itl_ms": {
    "max": 43.117130381269526,
    "mean": 23.333521115793182,
    "median": 20.009962515720712,
    "min": 14.46464812726758
  },
  "max_tokens": 64,
  "model": "Qwen/Qwen2.5-0.5B-Instruct",
  "ok_runs": 10,
  "runs": 10,
  "total_ms": {
    "max": 2754.5597730204463,
    "mean": 1522.2396284050774,
    "median": 1301.3890090223867,
    "min": 926.4670130214654
  },
  "ttft_ms": {
    "max": 233.6200259742327,
    "mean": 52.16230609221384,
    "median": 25.44393396237865,
    "min": 14.99385095667094
  },
  "warmup": 2
}
