{
  "chunks": {
    "max": 64,
    "mean": 64,
    "median": 64.0,
    "min": 64
  },
  "itl_ms": {
    "max": 47.504838205881356,
    "mean": 24.25031056027076,
    "median": 22.505031309149686,
    "min": 11.552113048281402
  },
  "max_tokens": 64,
  "model": "facebook/opt-125m",
  "ok_runs": 10,
  "runs": 10,
  "total_ms": {
    "max": 3006.2084770179354,
    "mean": 1545.772028301144,
    "median": 1434.9918850057293,
    "min": 764.5824189530686
  },
  "ttft_ms": {
    "max": 36.75403696252033,
    "mean": 17.936828802339733,
    "median": 13.49242401192896,
    "min": 11.654369009193033
  },
  "warmup": 2
}
