{
  "completed": 2,
  "errors": [],
  "failed": 0,
  "input_tokens_requested": 256,
  "max_concurrency": 2,
  "median_e2el_ms": 157.77946857269853,
  "median_itl_ms": 14.116158010438085,
  "median_ttft_ms": 59.661395964212716,
  "model": "qwen3-0p6b",
  "num_prompts": 2,
  "output_throughput": 100.124157721693,
  "output_tokens_requested": 8,
  "p95_itl_ms": 14.142490923404694,
  "p95_ttft_ms": 71.23693893663585,
  "request_throughput": 12.515519715211624,
  "schema_version": 1,
  "trace": {
    "trace_exists": false
  },
  "variant": "baseline"
}
