{
  "cpu_roundtrip_topk_topp_multinomial": {
    "median_ms": 5.372657964471728,
    "p10_ms": 5.26125798933208,
    "p90_ms": 5.469174007885158,
    "samples_ms": [
      5.423799972049892,
      5.351103958673775,
      5.433394922874868,
      5.319986026734114,
      5.387468030676246,
      5.391624988988042,
      5.304089980199933,
      5.325109930709004,
      5.283526959829032,
      5.26125798933208,
      5.302242003381252,
      5.431181052699685,
      5.352267995476723,
      5.540404003113508,
      5.488714086823165,
      5.583245074376464,
      5.446988972835243,
      5.569097003899515,
      5.469174007885158,
      5.586370010860264,
      5.379649926908314,
      5.323085002601147,
      5.437129060737789,
      5.272398004308343,
      5.427732947282493,
      5.320151918567717,
      5.435683066025376,
      5.305158905684948,
      5.406712996773422,
      5.232469993643463,
      5.383576964959502,
      5.262013059109449,
      5.371690029278398,
      5.355748115107417,
      5.394353996962309,
      5.277537042275071,
      5.435087950900197,
      5.239097983576357,
      5.287625943310559,
      5.425613024272025,
      5.27642504312098,
      5.40743104647845,
      5.270794034004211,
      5.377065972425044,
      5.261236918158829,
      5.422004032880068,
      5.271187052130699,
      5.373625899665058,
      5.229563917964697,
      5.375550012104213,
      5.288033979013562,
      5.439427914097905,
      5.303265992552042,
      5.248546018265188,
      5.37436397280544,
      5.261103971861303,
      5.424689967185259,
      5.32363704405725,
      5.393801024183631,
      5.244086962193251,
      5.415966035798192,
      5.288044922053814,
      5.458025028929114,
      5.284985993057489,
      5.411928985267878,
      5.317784962244332,
      5.282048019580543,
      5.428670905530453,
      5.332261091098189,
      5.451536970213056,
      5.317035014741123,
      5.487667047418654,
      5.377806955948472,
      5.472816992551088,
      5.321188014931977,
      5.46001608017832,
      5.293069989420474,
      5.523839965462685,
      5.259498953819275,
      5.3207139717414975
    ]
  },
  "flashinfer_topk_topp_from_logits": {
    "median_ms": 0.130048006772995,
    "p10_ms": 0.12902399897575378,
    "p90_ms": 0.13516800105571747,
    "samples_ms": [
      0.14028799533843994,
      0.1382399946451187,
      0.131071999669075,
      0.131071999669075,
      0.12902399897575378,
      0.130048006772995,
      0.130048006772995,
      0.131071999669075,
      0.12902399897575378,
      0.12902399897575378,
      0.130048006772995,
      0.12902399897575378,
      0.12800000607967377,
      0.13516800105571747,
      0.130048006772995,
      0.130048006772995,
      0.131071999669075,
      0.12902399897575378,
      0.131071999669075,
      0.12902399897575378,
      0.13516800105571747,
      0.130048006772995,
      0.130048006772995,
      0.12902399897575378,
      0.12800000607967377,
      0.12902399897575378,
      0.17715199291706085,
      0.131071999669075,
      0.12902399897575378,
      0.130048006772995,
      0.12902399897575378,
      0.12902399897575378,
      0.12800000607967377,
      0.13516800105571747,
      0.130048006772995,
      0.130048006772995,
      0.12902399897575378,
      0.13414399325847626,
      0.12902399897575378,
      0.14233599603176117,
      0.131071999669075,
      0.12800000607967377,
      0.12902399897575378,
      0.12800000607967377,
      0.12902399897575378,
      0.12902399897575378,
      0.13414399325847626,
      0.12902399897575378,
      0.130048006772995,
      0.12902399897575378,
      0.12902399897575378,
      0.12902399897575378,
      0.12902399897575378,
      0.13414399325847626,
      0.130048006772995,
      0.130048006772995,
      0.12902399897575378,
      0.13516800105571747,
      0.131071999669075,
      0.13513599336147308,
      0.130048006772995,
      0.12902399897575378,
      0.12902399897575378,
      0.130048006772995,
      0.12800000607967377,
      0.12800000607967377,
      0.13414399325847626,
      0.130048006772995,
      0.12800000607967377,
      0.12902399897575378,
      0.12902399897575378,
      0.12902399897575378,
      0.130048006772995,
      0.13209599256515503,
      0.130048006772995,
      0.130048006772995,
      0.12902399897575378,
      0.13516800105571747,
      0.130048006772995,
      0.13516800105571747
    ]
  },
  "flashinfer_version": "0.6.12",
  "hardware": "NVIDIA L20",
  "ratios": {
    "flashinfer_vs_cpu_roundtrip_pipeline": 41.31288204862654,
    "flashinfer_vs_torch_argmax": 0.15748030278065314,
    "flashinfer_vs_torch_gpu_pipeline": 2.66141716855494
  },
  "schema_version": 1,
  "shape": {
    "batch": 16,
    "dtype": "float16",
    "temperature": 0.8,
    "top_k": 50,
    "top_p": 0.9,
    "vocab": 151936
  },
  "torch_gpu_argmax": {
    "median_ms": 0.020479999482631683,
    "p10_ms": 0.020479999482631683,
    "p90_ms": 0.02252800017595291,
    "samples_ms": [
      0.03686400130391121,
      0.023552000522613525,
      0.02252800017595291,
      0.021503999829292297,
      0.021503999829292297,
      0.020479999482631683,
      0.021503999829292297,
      0.020479999482631683,
      0.020479999482631683,
      0.020479999482631683,
      0.020479999482631683,
      0.020479999482631683,
      0.020479999482631683,
      0.020479999482631683,
      0.04505600035190582,
      0.02457600086927414,
      0.02252800017595291,
      0.020479999482631683,
      0.021503999829292297,
      0.021503999829292297,
      0.021503999829292297,
      0.020479999482631683,
      0.021503999829292297,
      0.020479999482631683,
      0.021503999829292297,
      0.020479999482631683,
      0.021503999829292297,
      0.021503999829292297,
      0.021503999829292297,
      0.020479999482631683,
      0.020479999482631683,
      0.020479999482631683,
      0.020479999482631683,
      0.020479999482631683,
      0.020479999482631683,
      0.020479999482631683,
      0.020479999482631683,
      0.020479999482631683,
      0.021503999829292297,
      0.026623999699950218,
      0.020479999482631683,
      0.020479999482631683,
      0.01945599913597107,
      0.020479999482631683,
      0.02457600086927414,
      0.020479999482631683,
      0.020479999482631683,
      0.020479999482631683,
      0.020479999482631683,
      0.020479999482631683,
      0.020479999482631683,
      0.020479999482631683,
      0.020479999482631683,
      0.020479999482631683,
      0.020479999482631683,
      0.01945599913597107,
      0.01945599913597107,
      0.020479999482631683,
      0.020479999482631683,
      0.020479999482631683,
      0.020479999482631683,
      0.021503999829292297,
      0.020479999482631683,
      0.02969600073993206,
      0.02457600086927414,
      0.020479999482631683,
      0.020479999482631683,
      0.01945599913597107,
      0.020479999482631683,
      0.020479999482631683,
      0.020479999482631683,
      0.020479999482631683,
      0.020479999482631683,
      0.020479999482631683,
      0.020479999482631683,
      0.01945599913597107,
      0.01945599913597107,
      0.020479999482631683,
      0.020479999482631683,
      0.020479999482631683
    ]
  },
  "torch_gpu_topk_topp_multinomial": {
    "median_ms": 0.346111997961998,
    "p10_ms": 0.32767999172210693,
    "p90_ms": 0.3758080005645752,