{
  "cpu_roundtrip_topk_topp_multinomial": {
    "median_ms": 18.26071902178228,
    "p10_ms": 17.92276499327272,
    "p90_ms": 19.176247995346785,
    "samples_ms": [
      18.024456105194986,
      17.92276499327272,
      18.655047053471208,
      17.899202997796237,
      17.780403955839574,
      17.86382996942848,
      17.760428017936647,
      17.77625794056803,
      17.93298590928316,
      17.906983965076506,
      17.95029593631625,
      17.792263999581337,
      18.079767003655434,
      17.82879198435694,
      17.943160026334226,
      18.101483932696283,
      18.29833199735731,
      18.954978906549513,
      18.179564969614148,
      18.2235169922933,
      18.321983981877565,
      18.267748993821442,
      18.229115987196565,
      18.259080010466278,
      18.997355015017092,
      18.26235803309828,
      18.247048021294177,
      19.138177041895688,
      18.349025980569422,
      18.168414011597633,
      18.335324013605714,
      19.089336972683668,
      18.31253303680569,
      18.465916975401342,
      18.59460410196334,
      18.869852065108716,
      19.522385904565454,
      19.286583992652595,
      19.34611692558974,
      19.511137972585857,
      20.63325501512736,
      19.058928010053933,
      20.119427936151624,
      18.527496955357492,
      20.166439935564995,
      18.258947995491326,
      18.205667030997574,
      18.32241495139897,
      18.2210230268538,
      18.198285019025207,
      18.204026971943676,
      18.99166009388864,
      18.393805949017406,
      18.28719803597778,
      18.29471404198557,
      18.208622001111507,
      18.205828964710236,
      19.176247995346785,
      18.216433003544807,
      18.207547022029757,
      18.114196020178497,
      18.30573903862387,
      18.44706607516855,
      18.36639503017068,
      20.1697729062289,
      18.42725498136133,
      18.246406922116876,
      18.212659051641822,
      18.347490928135812,
      18.275963026098907,
      18.173231976106763,
      18.878296948969364,
      18.228310043923557,
      18.032107036560774,
      18.12258397694677,
      18.140450003556907,
      18.138526938855648,
      18.760733073577285,
      18.09758006129414,
      18.64691195078194
    ]
  },
  "flashinfer_topk_topp_from_logits": {
    "median_ms": 0.20479999482631683,
    "p10_ms": 0.20377600193023682,
    "p90_ms": 0.2099200040102005,
    "samples_ms": [
      0.21503999829292297,
      0.21094399690628052,
      0.20479999482631683,
      0.20377600193023682,
      0.20479999482631683,
      0.2099200040102005,
      0.20377600193023682,
      0.20377600193023682,
      0.20377600193023682,
      0.20377600193023682,
      0.2088959962129593,
      0.20582400262355804,
      0.20684799551963806,
      0.20479999482631683,
      0.21094399690628052,
      0.20377600193023682,
      0.20582400262355804,
      0.20582400262355804,
      0.2027519941329956,
      0.20582400262355804,
      0.20479999482631683,
      0.20479999482631683,
      0.20479999482631683,
      0.2088959962129593,
      0.20479999482631683,
      0.20377600193023682,
      0.20479999482631683,
      0.2099200040102005,
      0.20582400262355804,
      0.2099200040102005,
      0.20377600193023682,
      0.20377600193023682,
      0.2088959962129593,
      0.20582400262355804,
      0.20377600193023682,
      0.20377600193023682,
      0.2099200040102005,
      0.20479999482631683,
      0.20479999482631683,
      0.20377600193023682,
      0.20377600193023682,
      0.20787200331687927,
      0.20479999482631683,
      0.2027519941329956,
      0.20377600193023682,
      0.2099200040102005,
      0.20582400262355804,
      0.2099200040102005,
      0.20582400262355804,
      0.20787200331687927,
      0.20479999482631683,
      0.20377600193023682,
      0.20377600193023682,
      0.20479999482631683,
      0.2088959962129593,
      0.20479999482631683,
      0.20582400262355804,
      0.20377600193023682,
      0.20787200331687927,
      0.20479999482631683,
      0.2099200040102005,
      0.20479999482631683,
      0.20377600193023682,
      0.20684799551963806,
      0.20582400262355804,
      0.20377600193023682,
      0.2027519941329956,
      0.2088959962129593,
      0.20377600193023682,
      0.20377600193023682,
      0.20377600193023682,
      0.21299199759960175,
      0.20479999482631683,
      0.2088959962129593,
      0.20377600193023682,
      0.2027519941329956,
      0.20787200331687927,
      0.20377600193023682,
      0.2027519941329956,
      0.20377600193023682
    ]
  },
  "flashinfer_version": "0.6.12",
  "hardware": "NVIDIA L20",
  "ratios": {
    "flashinfer_vs_cpu_roundtrip_pipeline": 89.16366935101003,
    "flashinfer_vs_torch_argmax": 0.15,
    "flashinfer_vs_torch_gpu_pipeline": 1.69000003274181
  },
  "schema_version": 1,
  "shape": {
    "batch": 64,
    "dtype": "float16",
    "temperature": 0.8,
    "top_k": 50,
    "top_p": 0.9,
    "vocab": 151936
  },
  "torch_gpu_argmax": {
    "median_ms": 0.030719999223947525,
    "p10_ms": 0.02969600073993206,
    "p90_ms": 0.03276799991726875,
    "samples_ms": [
      0.043007999658584595,
      0.03276799991726875,
      0.03174399957060814,
      0.03174399957060814,
      0.03174399957060814,
      0.030719999223947525,
      0.03174399957060814,
      0.030719999223947525,
      0.03174399957060814,
      0.030719999223947525,
      0.030719999223947525,
      0.030719999223947525,
      0.035840000957250595,
      0.030719999223947525,
      0.03174399957060814,
      0.030719999223947525,
      0.03174399957060814,
      0.030719999223947525,
      0.03174399957060814,
      0.030719999223947525,
      0.030719999223947525,
      0.030719999223947525,
      0.03686400130391121,
      0.03481600061058998,
      0.03174399957060814,
      0.030719999223947525,
      0.03174399957060814,
      0.030719999223947525,
      0.030719999223947525,
      0.030719999223947525,
      0.030719999223947525,
      0.03481600061058998,
      0.035840000957250595,
      0.02969600073993206,
      0.02969600073993206,
      0.02969600073993206,
      0.030719999223947525,
      0.0297279991209507,
      0.030719999223947525,
      0.02969600073993206,
      0.030719999223947525,
      0.030719999223947525,
      0.02969600073993206,
      0.02969600073993206,
      0.030719999223947525,
      0.03174399957060814,
      0.02969600073993206,
      0.03174399957060814,
      0.02969600073993206,
      0.030719999223947525,
      0.030719999223947525,
      0.030719999223947525,
      0.03379200026392937,
      0.030719999223947525,
      0.030719999223947525,
      0.030719999223947525,
      0.030719999223947525,
      0.030719999223947525,
      0.030719999223947525,
      0.02969600073993206,
      0.030719999223947525,
      0.030719999223947525,
      0.030719999223947525,
      0.030719999223947525,
      0.030719999223947525,
      0.030719999223947525,
      0.030719999223947525,
      0.030719999223947525,
      0.030719999223947525,
      0.02969600073993206,
      0.030719999223947525,
      0.03171199932694435,
      0.03379200026392937,
      0.030719999223947525,
      0.030719999223947525,
      0.030719999223947525,
      0.030719999223947525,
      0.030719999223947525,
      0.030719999223947525,
      0.02969600073993206
    ]
  },
  "torch_gpu_topk_topp_multinomial": {
    "median_ms": 0.346111997961998,
    "p10_ms": 0.3246079981327057,
    "p90_ms": 0.3665919899940491,