{
  "cpu_roundtrip_topk_topp_multinomial": {
    "median_ms": 0.7161194807849824,
    "p10_ms": 0.6760429823771119,
    "p90_ms": 0.7268120534718037,
    "samples_ms": [
      0.7254109950736165,
      0.7150520104914904,
      0.7239900296553969,
      0.710054999217391,
      0.7185799768194556,
      0.7133280159905553,
      0.7187379524111748,
      0.7020290940999985,
      0.7123610703274608,
      0.713906018063426,
      0.716289971023798,
      0.6933080730959773,
      0.7269619964063168,
      0.7194499485194683,
      0.7170750759541988,
      0.6862460868433118,
      0.7343870820477605,
      0.7223270367830992,
      0.7200270192697644,
      0.7020990597084165,
      0.7159489905461669,
      0.7185930153355002,
      0.7199969841167331,
      0.6808179896324873,
      0.7197069935500622,
      0.7197000086307526,
      0.7214429788291454,
      0.6601960631087422,
      0.7268120534718037,
      0.7207619491964579,
      0.7174160564318299,
      0.6611209828406572,
      0.7266959873959422,
      0.7207859307527542,
      0.7157860090956092,
      0.6591329583898187,
      0.7212450727820396,
      0.7193910423666239,
      0.6948889931663871,
      0.6709640147164464,
      0.7108720019459724,
      0.7246769964694977,
      0.6613720906898379,
      0.690251006744802,
      0.7112729363143444,
      0.7340200245380402,
      0.6722919642925262,
      0.7064719684422016,
      0.7168770534917712,
      0.7270759670063853,
      0.6581220077350736,
      0.7458219770342112,
      0.7181010441854596,
      0.7328990614041686,
      0.6602170178666711,
      0.708102947100997,
      0.7144950795918703,
      0.7304919417947531,
      0.6760429823771119,
      0.7125809788703918,
      0.7240379927679896,
      0.7323710015043616,
      0.6823560688644648,
      0.7121149683371186,
      0.717120012268424,
      0.715843983925879,
      0.6912869866937399,
      0.712368986569345,
      0.718349008820951,
      0.7138780783861876,
      0.7086170371621847,
      0.7154849590733647,
      0.7195899961516261,
      0.7211290067061782,
      0.7039799820631742,
      0.7171540055423975,
      0.7239970145747066,
      0.7166719296947122,
      0.7092900341376662,
      0.7154509657993913
    ]
  },
  "flashinfer_topk_topp_from_logits": {
    "median_ms": 0.11673600226640701,
    "p10_ms": 0.1157120019197464,
    "p90_ms": 0.12185599654912949,
    "samples_ms": [
      0.12697599828243256,
      0.11776000261306763,
      0.12390399724245071,
      0.12185599654912949,
      0.12185599654912949,
      0.12083200365304947,
      0.12185599654912949,
      0.11980800330638885,
      0.11673600226640701,
      0.14131200313568115,
      0.11776000261306763,
      0.11673600226640701,
      0.1157120019197464,
      0.1157120019197464,
      0.11673600226640701,
      0.11673600226640701,
      0.11673600226640701,
      0.11776000261306763,
      0.11776000261306763,
      0.1157120019197464,
      0.11673600226640701,
      0.1157120019197464,
      0.11673600226640701,
      0.1157120019197464,
      0.12185599654912949,
      0.11776000261306763,
      0.1157120019197464,
      0.11673600226640701,
      0.12083200365304947,
      0.11673600226640701,
      0.13209599256515503,
      0.12185599654912949,
      0.11776000261306763,
      0.11673600226640701,
      0.11673600226640701,
      0.1157120019197464,
      0.1157120019197464,
      0.1157120019197464,
      0.12185599654912949,
      0.11776000261306763,
      0.1157120019197464,
      0.1157120019197464,
      0.1157120019197464,
      0.11673600226640701,
      0.11468800157308578,
      0.11468800157308578,
      0.11878400295972824,
      0.11673600226640701,
      0.1157120019197464,
      0.11673600226640701,
      0.11878400295972824,
      0.11673600226640701,
      0.11673600226640701,
      0.12083200365304947,
      0.11776000261306763,
      0.11776000261306763,
      0.1157120019197464,
      0.1157120019197464,
      0.11670400202274323,
      0.1157120019197464,
      0.12185599654912949,
      0.11673600226640701,
      0.11673600226640701,
      0.1157120019197464,
      0.11673600226640701,
      0.1157120019197464,
      0.1157120019197464,
      0.12595200538635254,
      0.1228799968957901,
      0.11673600226640701,
      0.11673600226640701,
      0.12185599654912949,
      0.11776000261306763,
      0.1157120019197464,
      0.12185599654912949,
      0.11878400295972824,
      0.1157120019197464,
      0.1157120019197464,
      0.11776000261306763,
      0.11673600226640701
    ]
  },
  "flashinfer_version": "0.6.12",
  "hardware": "NVIDIA L20",
  "ratios": {
    "flashinfer_vs_cpu_roundtrip_pipeline": 6.13452120067212,
    "flashinfer_vs_torch_argmax": 0.17543858865316986,
    "flashinfer_vs_torch_gpu_pipeline": 3.0263157978716038
  },
  "schema_version": 1,
  "shape": {
    "batch": 1,
    "dtype": "float16",
    "temperature": 0.8,
    "top_k": 50,
    "top_p": 0.9,
    "vocab": 151936
  },
  "torch_gpu_argmax": {
    "median_ms": 0.020479999482631683,
    "p10_ms": 0.01945599913597107,
    "p90_ms": 0.023552000522613525,
    "samples_ms": [
      0.03788800165057182,
      0.023552000522613525,
      0.02252800017595291,
      0.020479999482631683,
      0.023552000522613525,
      0.020479999482631683,
      0.021503999829292297,
      0.025599999353289604,
      0.021503999829292297,
      0.020479999482631683,
      0.021503999829292297,
      0.01945599913597107,
      0.021503999829292297,
      0.020479999482631683,
      0.020479999482631683,
      0.020479999482631683,
      0.021503999829292297,
      0.020479999482631683,
      0.021503999829292297,
      0.01945599913597107,
      0.021503999829292297,
      0.01945599913597107,
      0.020479999482631683,
      0.020479999482631683,
      0.01945599913597107,
      0.020479999482631683,
      0.021503999829292297,
      0.01945599913597107,
      0.021503999829292297,
      0.01945599913597107,
      0.020479999482631683,
      0.030719999223947525,
      0.02457600086927414,
      0.020479999482631683,
      0.020479999482631683,
      0.01945599913597107,
      0.020479999482631683,
      0.01945599913597107,
      0.021503999829292297,
      0.020479999482631683,
      0.020479999482631683,
      0.020479999482631683,
      0.020479999482631683,
      0.020479999482631683,
      0.025599999353289604,
      0.020479999482631683,
      0.020479999482631683,
      0.01945599913597107,
      0.01945599913597107,
      0.020479999482631683,
      0.020479999482631683,
      0.01945599913597107,
      0.01945599913597107,
      0.020479999482631683,
      0.01945599913597107,
      0.021503999829292297,
      0.030719999223947525,
      0.02252800017595291,
      0.020479999482631683,
      0.01945599913597107,
      0.020479999482631683,
      0.020479999482631683,
      0.020479999482631683,
      0.01945599913597107,
      0.01945599913597107,
      0.01945599913597107,
      0.01945599913597107,
      0.020479999482631683,
      0.01945599913597107,
      0.020447999238967896,
      0.03891199827194214,
      0.020479999482631683,
      0.01945599913597107,
      0.01945599913597107,
      0.01945599913597107,
      0.01945599913597107,
      0.01945599913597107,
      0.020447999238967896,
      0.01945599913597107,
      0.020479999482631683
    ]
  },
  "torch_gpu_topk_topp_multinomial": {
    "median_ms": 0.3532800078392029,
    "p10_ms": 0.32972800731658936,
    "p90_ms": 0.36454400420188904,