{
  "cpu_roundtrip_topk_topp_from_uniform": {
    "median_ms": 1.161773456260562,
    "p10_ms": 1.0313489474356174,
    "p90_ms": 1.2490989174693823,
    "samples_ms": [
      1.1968419421464205,
      1.2853750959038734,
      1.172914868220687,
      1.3622569385915995,
      1.211391994729638,
      1.165861962363124,
      1.1673790868371725,
      1.164821907877922,
      1.1531440541148186,
      1.2137049343436956,
      1.1484089773148298,
      1.136847073212266,
      1.2400890700519085,
      1.1587250046432018,
      1.1763200163841248,
      1.1650610249489546,
      1.2823119759559631,
      1.1819838546216488,
      1.1482550762593746,
      1.1488019954413176,
      1.2490989174693823,
      1.1130410712212324,
      1.0645180009305477,
      1.0284569580107927,
      1.0830159299075603,
      1.016973052173853,
      1.0313489474356174,
      1.020569819957018,
      1.1336670722812414,
      1.1185840703547
    ]
  },
  "hardware": "NVIDIA L20",
  "launch": {
    "block_vocab": 512,
    "blocks_per_row": 297,
    "num_stages": 1,
    "num_warps": 4,
    "strategy": "two_stage_topk_topp_from_uniform"
  },
  "ratios": {
    "triton_preallocated_vs_cpu_roundtrip": 2.9354317737696403,
    "triton_preallocated_vs_torch_gpu": 0.6882276475242279
  },
  "rounds": 30,
  "schema_version": 1,
  "shape": {
    "batch": 4,
    "dtype": "float16",
    "temperature": 0.8,
    "top_k": 50,
    "top_p": 0.9,
    "vocab": 151936
  },
  "torch_gpu_topk_topp_from_uniform": {
    "median_ms": 0.27238398790359497,
    "p10_ms": 0.2549760043621063,
    "p90_ms": 0.29286399483680725,
    "samples_ms": [
      0.3020800054073334,
      0.2979840040206909,
      0.27238398790359497,
      0.2887679934501648,
      0.27136000990867615,
      0.2611199915409088,
      0.26214399933815,
      0.29286399483680725,
      0.27852800488471985,
      0.25804799795150757,
      0.29286399483680725,
      0.28569599986076355,
      0.27238398790359497,
      0.2836480140686035,
      0.26214399933815,
      0.2529279887676239,
      0.2519040107727051,
      0.2826240062713623,
      0.2590720057487488,
      0.2529279887676239,
      0.2744320034980774,
      0.2826240062713623,
      0.27241599559783936,
      0.2549760043621063,
      0.27238398790359497,
      0.25804799795150757,
      0.25702399015426636,
      0.2826240062713623,
      0.26009601354599,
      0.25600001215934753
    ]
  },
  "triton_topk_topp_from_uniform": {
    "median_ms": 0.4136960059404373,
    "p10_ms": 0.40959998965263367,
    "p90_ms": 0.42291200160980225,
    "samples_ms": [
      0.42393600940704346,
      0.42291200160980225,
      0.4177919924259186,
      0.4106239974498749,
      0.4352000057697296,
      0.4116480052471161,
      0.40959998965263367,
      0.41676801443099976,
      0.40857601165771484,
      0.419840008020401,
      0.4188160002231598,
      0.4177919924259186,
      0.4116480052471161,
      0.40959998965263367,
      0.4126720130443573,
      0.4106239974498749,
      0.41471999883651733,
      0.4106239974498749,
      0.41574400663375854,
      0.4106239974498749,
      0.42393600940704346,
      0.4116480052471161,
      0.40959998965263367,
      0.41574400663375854,
      0.41676801443099976,
      0.41574400663375854,
      0.4116480052471161,
      0.4177919924259186,
      0.4106239974498749,
      0.40959998965263367
    ]
  },
  "triton_topk_topp_from_uniform_preallocated": {
    "median_ms": 0.39577600359916687,
    "p10_ms": 0.39321601390838623,
    "p90_ms": 0.3973119854927063,
    "samples_ms": [
      0.4044800102710724,
      0.39526399970054626,
      0.39423999190330505,
      0.3962880074977875,
      0.39423999190330505,
      0.3973119854927063,
      0.3962880074977875,
      0.39423999190330505,
      0.39526399970054626,
      0.39321601390838623,
      0.3973119854927063,
      0.3932479918003082,
      0.4034560024738312,
      0.39321601390838623,
      0.39321601390838623,
      0.3973119854927063,
      0.3962880074977875,
      0.3973119854927063,
      0.39423999190330505,
      0.39321601390838623,
      0.3962880074977875,
      0.392192006111145,
      0.3962880074977875,
      0.3962880074977875,
      0.3973119854927063,
      0.39321601390838623,
      0.39321601390838623,
      0.3962880074977875,
      0.39423999190330505,
      0.3962880074977875
    ]
  },
  "warmup": 15
}
