{
  "cpu_roundtrip_topk_topp_from_uniform": {
    "median_ms": 0.8159165736287832,
    "p10_ms": 0.7771078962832689,
    "p90_ms": 0.8372878655791283,
    "samples_ms": [
      0.8233170956373215,
      0.775280874222517,
      0.814496073871851,
      0.8299408946186304,
      0.8001499809324741,
      0.8189680520445108,
      0.8383539970964193,
      0.8268828969448805,
      0.7771078962832689,
      0.8370049763470888,
      0.8862470276653767,
      0.8372878655791283,
      0.8442380931228399,
      0.8045700378715992,
      0.7723700255155563,
      0.7935489993542433,
      0.791315920650959,
      0.8065230213105679,
      0.8324489463120699,
      0.8207920473068953,
      0.7899790070950985,
      0.7966239936649799,
      0.7975990884006023,
      0.8190709631890059,
      0.8368499111384153,
      0.8012040052562952,
      0.7861410267651081,
      0.7497891783714294,
      0.8207950741052628,
      0.8173370733857155
    ]
  },
  "hardware": "NVIDIA L20",
  "launch": {
    "block_vocab": 2048,
    "blocks_per_row": 75,
    "num_stages": 1,
    "num_warps": 8,
    "strategy": "two_stage_topk_topp_from_uniform"
  },
  "ratios": {
    "triton_preallocated_vs_cpu_roundtrip": 10.415602121897594,
    "triton_preallocated_vs_torch_gpu": 3.7516341777708644
  },
  "rounds": 30,
  "schema_version": 1,
  "shape": {
    "batch": 1,
    "dtype": "float16",
    "temperature": 0.8,
    "top_k": 50,
    "top_p": 0.9,
    "vocab": 151936
  },
  "torch_gpu_topk_topp_from_uniform": {
    "median_ms": 0.29388800263404846,
    "p10_ms": 0.2734079957008362,
    "p90_ms": 0.33689600229263306,
    "samples_ms": [
      0.28569599986076355,
      0.3409920036792755,
      0.31334400177001953,
      0.27852800488471985,
      0.35839998722076416,
      0.2949120104312897,
      0.2734079957008362,
      0.3102720081806183,
      0.2877439856529236,
      0.27955201268196106,
      0.319487988948822,
      0.3031040132045746,
      0.3031040132045746,
      0.31539198756217957,
      0.29286399483680725,
      0.27750399708747864,
      0.2754560112953186,
      0.33689600229263306,
      0.3092480003833771,
      0.29183998703956604,
      0.29900801181793213,
      0.2734079957008362,
      0.2734079957008362,
      0.3164159953594208,
      0.2764799892902374,
      0.2693119943141937,
      0.347135990858078,
      0.2805759906768799,
      0.2734079957008362,
      0.31334400177001953
    ]
  },
  "triton_topk_topp_from_uniform": {
    "median_ms": 0.09728000313043594,
    "p10_ms": 0.0942080020904541,
    "p90_ms": 0.10751999914646149,
    "samples_ms": [
      0.10751999914646149,
      0.10035199671983719,
      0.09932799637317657,
      0.09932799637317657,
      0.1085439994931221,
      0.10035199671983719,
      0.09728000313043594,
      0.10239999741315842,
      0.09625600278377533,
      0.1013759970664978,
      0.09830400347709656,
      0.09728000313043594,
      0.11776000261306763,
      0.09830400347709656,
      0.09625600278377533,
      0.0942080020904541,
      0.09318400174379349,
      0.0942080020904541,
      0.09523200243711472,
      0.0942080020904541,
      0.11161600053310394,
      0.1013759970664978,
      0.09523200243711472,
      0.09523200243711472,
      0.0942080020904541,
      0.09318400174379349,
      0.0942080020904541,
      0.0942080020904541,
      0.09318400174379349,
      0.1013759970664978
    ]
  },
  "triton_topk_topp_from_uniform_preallocated": {
    "median_ms": 0.07833599671721458,
    "p10_ms": 0.07680000364780426,
    "p90_ms": 0.08089599758386612,
    "samples_ms": [
      0.08396799862384796,
      0.07884799689054489,
      0.07884799689054489,
      0.07782399654388428,
      0.07884799689054489,
      0.07884799689054489,
      0.07884799689054489,
      0.07884799689054489,
      0.07884799689054489,
      0.07782399654388428,
      0.08089599758386612,
      0.08089599758386612,
      0.07782399654388428,
      0.07884799689054489,
      0.07884799689054489,
      0.07782399654388428,
      0.07782399654388428,
      0.07680000364780426,
      0.07680000364780426,
      0.07580800354480743,
      0.08191999793052673,
      0.07782399654388428,
      0.07884799689054489,
      0.0798719972372055,
      0.07782399654388428,
      0.07680000364780426,
      0.07680000364780426,
      0.07782399654388428,
      0.07680000364780426,
      0.07782399654388428
    ]
  },
  "warmup": 15
}
