{
  "cpu_roundtrip_topk_topp_from_uniform": {
    "median_ms": 3.9889835752546787,
    "p10_ms": 3.9062020368874073,
    "p90_ms": 4.101935075595975,
    "samples_ms": [
      3.9069538470357656,
      3.8912519812583923,
      4.013110185042024,
      3.945959033444524,
      3.951706923544407,
      4.094138043001294,
      4.101935075595975,
      4.105882020667195,
      4.019924905151129,
      4.028650000691414,
      3.902480937540531,
      3.9505769964307547,
      3.9062020368874073,
      3.9867430459707975,
      3.899900009855628,
      3.9386050775647163,
      3.9883621502667665,
      4.0526490192860365,
      4.058255115523934,
      4.112528869882226,
      4.088439047336578,
      4.1001420468091965,
      4.019950050860643,
      3.939929883927107,
      3.9760801009833813,
      3.9666108787059784,
      3.9029940962791443,
      3.9182910695672035,
      3.9571940433233976,
      4.032360156998038,
      3.9748679846525192,
      4.01016091927886,
      4.112642025575042,
      4.094231873750687,
      4.008281044661999,
      4.104274092242122,
      4.02731797657907,
      3.9855139330029488,
      3.9201180916279554,
      3.989605000242591
    ]
  },
  "flashinfer": {
    "available": true,
    "flashinfer_cuda_env": {
      "changed": true,
      "cuda_home": "/home/hhai/venvs/vllm-l20/lib/python3.12/site-packages/nvidia/cu13",
      "nvcc": "/home/hhai/venvs/vllm-l20/lib/python3.12/site-packages/nvidia/cu13/bin/nvcc",
      "nvcc_version": "nvcc: NVIDIA (R) Cuda compiler driver\nCopyright (c) 2005-2025 NVIDIA Corporation\nBuilt on Wed_Aug_20_01:58:59_PM_PDT_2025\nCuda compilation tools, release 13.0, V13.0.88\nBuild cuda_13.0.r13.0/compiler.36424714_0"
    },
    "flashinfer_topk_topp_from_logits": {
      "median_ms": 0.131071999669075,
      "p10_ms": 0.130048006772995,
      "p90_ms": 0.13619199395179749,
      "samples_ms": [
        0.14233599603176117,
        0.13414399325847626,
        0.13209599256515503,
        0.13516800105571747,
        0.13312000036239624,
        0.13209599256515503,
        0.131071999669075,
        0.131071999669075,
        0.1311040073633194,
        0.14131200313568115,
        0.13209599256515503,
        0.131071999669075,
        0.131071999669075,
        0.130048006772995,
        0.130048006772995,
        0.130048006772995,
        0.13516800105571747,
        0.13209599256515503,
        0.131071999669075,
        0.131071999669075,
        0.130048006772995,
        0.131071999669075,
        0.13619199395179749,
        0.131071999669075,
        0.131071999669075,
        0.13619199395179749,
        0.131071999669075,
        0.131071999669075,
        0.130048006772995,
        0.13619199395179749,
        0.131071999669075,
        0.130048006772995,
        0.131071999669075,
        0.12902399897575378,
        0.130048006772995,
        0.15360000729560852,
        0.13414399325847626,
        0.131071999669075,
        0.130048006772995,
        0.131071999669075
      ]
    },
    "flashinfer_version": "0.6.12"
  },
  "hardware": "NVIDIA L20",
  "launch": {
    "block_vocab": 1024,
    "blocks_per_row": 149,
    "num_stages": 1,
    "num_warps": 4,
    "strategy": "two_stage_topk_topp_from_uniform"
  },
  "ratios": {
    "triton_preallocated_speedup_vs_flashinfer": 0.6400000145519156,
    "triton_preallocated_vs_cpu_roundtrip": 19.477459355590245,
    "triton_preallocated_vs_torch_gpu": 1.3324999936335369
  },
  "rounds": 40,
  "schema_version": 1,
  "shape": {
    "batch": 16,
    "dtype": "float16",
    "temperature": 0.8,
    "top_k": 50,
    "top_p": 0.9,
    "vocab": 151936
  },
  "torch_gpu_topk_topp_from_uniform": {
    "median_ms": 0.2728959918022156,
    "p10_ms": 0.2549760043621063,
    "p90_ms": 0.29183998703956604,
    "samples_ms": [
      0.289792001247406,
      0.29900801181793213,
      0.2734079957008362,
      0.2590720057487488,
      0.25702399015426636,
      0.29900801181793213,
      0.26316800713539124,
      0.25600001215934753,
      0.28569599986076355,
      0.29183998703956604,
      0.2815999984741211,
      0.29388800263404846,
      0.27238398790359497,
      0.26009601354599,
      0.2549760043621063,
      0.29183998703956604,
      0.26316800713539124,
      0.2549760043621063,
      0.2826240062713623,
      0.27033600211143494,
      0.2826240062713623,
      0.27955201268196106,
      0.2744320034980774,
      0.25702399015426636,
      0.2519040107727051,
      0.29286399483680725,
      0.25804799795150757,
      0.2539519965648651,
      0.2754560112953186,
      0.2662400007247925,
      0.28672000765800476,
      0.2611199915409088,
      0.2815999984741211,
      0.2662400007247925,
      0.2539519965648651,
      0.28467199206352234,
      0.2672640085220337,
      0.25600001215934753,
      0.2764799892902374,
      0.2744320034980774
    ]
  },
  "triton_topk_topp_from_uniform": {
    "median_ms": 0.22220799326896667,
    "p10_ms": 0.22015999257564545,
    "p90_ms": 0.22835199534893036,
    "samples_ms": [
      0.23654399812221527,
      0.2252800017595291,
      0.22118400037288666,
      0.22937600314617157,
      0.2242559939622879,
      0.2252800017595291,
      0.22118400037288666,
      0.22835199534893036,
      0.22220799326896667,
      0.22732800245285034,
      0.22015999257564545,
      0.22732800245285034,
      0.22118400037288666,
      0.22118400037288666,
      0.22015999257564545,
      0.22630399465560913,
      0.22118400037288666,
      0.22015999257564545,
      0.22118400037288666,
      0.22732800245285034,
      0.22118400037288666,
      0.22732800245285034,
      0.22220799326896667,
      0.22630399465560913,
      0.22220799326896667,
      0.22220799326896667,
      0.21913599967956543,
      0.22732800245285034,
      0.22118400037288666,
      0.22015999257564545,
      0.21913599967956543,
      0.22835199534893036,
      0.22118400037288666,
      0.22220799326896667,
      0.22015999257564545,
      0.22937600314617157,
      0.2242559939622879,
      0.22015999257564545,
      0.22220799326896667,
      0.23244799673557281
    ]
  },
  "triton_topk_topp_from_uniform_preallocated": {
    "median_ms": 0.20479999482631683,
    "p10_ms": 0.2027519941329956,
    "p90_ms": 0.2088959962129593,
    "samples_ms": [
      0.2099200040102005,
      0.20787200331687927,
      0.20479999482631683,
      0.20479999482631683,
      0.20377600193023682,
      0.20787200331687927,
      0.20377600193023682,
      0.20377600193023682,
      0.20377600193023682,
      0.2027519941329956,
      0.20479999482631683,
      0.21094399690628052,
      0.20582400262355804,
      0.20479999482631683,
      0.20787200331687927,
      0.20582400262355804,
      0.2027519941329956,
      0.20377600193023682,
      0.2088959962129593,
      0.20479999482631683,
      0.20377600193023682,
      0.2027519941329956,
      0.2027519941329956,
      0.2088959962129593,
      0.20377600193023682,
      0.2088959962129593,
      0.20377600193023682,
      0.20787200331687927,
      0.20582400262355804,
      0.20377600193023682,
      0.20377600193023682,
      0.2027519941329956,
      0.20787200331687927,
      0.20582400262355804,
      0.20377600193023682,
      0.2027519941329956,
      0.20787200331687927,
      0.24371199309825897,
      0.21196800470352173,
      0.20479999482631683
    ]
  },
  "warmup": 20
}
