{
  "cpu_roundtrip_topk_topp_from_uniform": {
    "median_ms": 0.7999350782483816,
    "p10_ms": 0.7511309813708067,
    "p90_ms": 0.8235960267484188,
    "samples_ms": [
      0.8235960267484188,
      0.8566440083086491,
      0.7938409689813852,
      0.8056750521063805,
      0.789649086073041,
      0.7501239888370037,
      0.8087358437478542,
      0.8103169966489077,
      0.8300431072711945,
      0.7818578742444515,
      0.7602511905133724,
      0.8022668771445751,
      0.8136557880789042,
      0.7994791958481073,
      0.8042820263653994,
      0.8057579398155212,
      0.7435409352183342,
      0.9116302244365215,
      0.7975168991833925,
      0.8037390653043985,
      0.8018019143491983,
      0.7952491287142038,
      0.7511309813708067,
      0.7966861594468355,
      0.8003909606486559,
      0.805392861366272,
      0.794712919741869,
      0.7266588509082794,
      0.7780930027365685,
      0.7976959459483624
    ]
  },
  "hardware": "NVIDIA L20",
  "launch": {
    "block_vocab": 512,
    "blocks_per_row": 297,
    "num_stages": 1,
    "num_warps": 4,
    "strategy": "two_stage_topk_topp_from_uniform"
  },
  "ratios": {
    "triton_preallocated_vs_cpu_roundtrip": 2.399958797515579,
    "triton_preallocated_vs_torch_gpu": 0.8387097033778772
  },
  "rounds": 30,
  "schema_version": 1,
  "shape": {
    "batch": 1,
    "dtype": "float16",
    "temperature": 0.8,
    "top_k": 50,
    "top_p": 0.9,
    "vocab": 151936
  },
  "torch_gpu_topk_topp_from_uniform": {
    "median_ms": 0.27955201268196106,
    "p10_ms": 0.27238398790359497,
    "p90_ms": 0.3051519989967346,
    "samples_ms": [
      0.27955201268196106,
      0.3235839903354645,
      0.27852800488471985,
      0.2734079957008362,
      0.3041279911994934,
      0.27955201268196106,
      0.27238398790359497,
      0.30003198981285095,
      0.27955201268196106,
      0.2693119943141937,
      0.3092480003833771,
      0.2887679934501648,
      0.27955201268196106,
      0.30105599761009216,
      0.2949120104312897,
      0.27852800488471985,
      0.27238398790359497,
      0.3051519989967346,
      0.27852800488471985,
      0.2734079957008362,
      0.31436800956726074,
      0.27955201268196106,
      0.27136000990867615,
      0.29900801181793213,
      0.2826240062713623,
      0.27238398790359497,
      0.28569599986076355,
      0.2959359884262085,
      0.2754560112953186,
      0.27238398790359497
    ]
  },
  "triton_topk_topp_from_uniform": {
    "median_ms": 0.3548159897327423,
    "p10_ms": 0.3491840064525604,
    "p90_ms": 0.3635199964046478,
    "samples_ms": [
      0.37376001477241516,
      0.35737600922584534,
      0.3604480028152466,
      0.3532800078392029,
      0.3635199964046478,
      0.35737600922584534,
      0.35020801424980164,
      0.35737600922584534,
      0.3481599986553192,
      0.35225600004196167,
      0.35839998722076416,
      0.3543039858341217,
      0.3768320083618164,
      0.3543039858341217,
      0.35123199224472046,
      0.35737600922584534,
      0.35020801424980164,
      0.3481599986553192,
      0.3563520014286041,
      0.35123199224472046,
      0.36556801199913025,
      0.3532800078392029,
      0.3491840064525604,
      0.35737600922584534,
      0.35225600004196167,
      0.3491840064525604,
      0.35737600922584534,
      0.3553279936313629,
      0.3563520014286041,
      0.3522239923477173
    ]
  },
  "triton_topk_topp_from_uniform_preallocated": {
    "median_ms": 0.3333120048046112,
    "p10_ms": 0.3317759931087494,
    "p90_ms": 0.33792001008987427,
    "samples_ms": [
      0.3635199964046478,
      0.33792001008987427,
      0.33792001008987427,
      0.33587199449539185,
      0.3317759931087494,
      0.33587199449539185,
      0.3328000009059906,
      0.33792001008987427,
      0.3328000009059906,
      0.3307519853115082,
      0.33587199449539185,
      0.3328000009059906,
      0.3317759931087494,
      0.33792001008987427,
      0.3328000009059906,
      0.3307519853115082,
      0.33689600229263306,
      0.3317759931087494,
      0.33484798669815063,
      0.33689600229263306,
      0.3317759931087494,
      0.3389439880847931,
      0.332832008600235,
      0.3317759931087494,
      0.33587199449539185,
      0.3317759931087494,
      0.3328000009059906,
      0.3389439880847931,
      0.3337920010089874,
      0.3307519853115082
    ]
  },
  "warmup": 15
}
