{
  "cpu_roundtrip_topk_topp_from_uniform": {
    "median_ms": 3.9444834692403674,
    "p10_ms": 3.8962578400969505,
    "p90_ms": 3.9864128921180964,
    "samples_ms": [
      3.9726989343762398,
      3.9533041417598724,
      3.893662942573428,
      3.896124893799424,
      3.9913051296025515,
      3.8605881854891777,
      3.900878131389618,
      3.904683981090784,
      3.914251923561096,
      4.01692814193666,
      3.9864128921180964,
      3.9761438965797424,
      3.9444330614060163,
      3.8962578400969505,
      3.915253095328808,
      3.955627093091607,
      3.916878020390868,
      3.9026569575071335,
      4.003965063020587,
      3.9328481070697308,
      3.914737841114402,
      3.945054952055216,
      3.9445338770747185,
      3.9753359742462635,
      3.9822650142014027,
      3.950163023546338,
      3.97213501855731,
      3.909283084794879,
      3.9141939487308264,
      3.9702351205050945
    ]
  },
  "hardware": "NVIDIA L20",
  "launch": {
    "block_vocab": 2048,
    "blocks_per_row": 75,
    "num_stages": 1,
    "num_warps": 8,
    "strategy": "two_stage_topk_topp_from_uniform"
  },
  "ratios": {
    "triton_preallocated_vs_cpu_roundtrip": 18.69919754574882,
    "triton_preallocated_vs_torch_gpu": 1.2985437064661083
  },
  "rounds": 30,
  "schema_version": 1,
  "shape": {
    "batch": 16,
    "dtype": "float16",
    "temperature": 0.8,
    "top_k": 50,
    "top_p": 0.9,
    "vocab": 151936
  },
  "torch_gpu_topk_topp_from_uniform": {
    "median_ms": 0.2739199995994568,
    "p10_ms": 0.2611199915409088,
    "p90_ms": 0.30003198981285095,
    "samples_ms": [
      0.2764799892902374,
      0.30003198981285095,
      0.2805759906768799,
      0.27238398790359497,
      0.30003198981285095,
      0.29388800263404846,
      0.2734079957008362,
      0.26419198513031006,
      0.2908160090446472,
      0.2693119943141937,
      0.27136000990867615,
      0.31334400177001953,
      0.2754560112953186,
      0.26419198513031006,
      0.3031040132045746,
      0.27238398790359497,
      0.2611199915409088,
      0.27955201268196106,
      0.2764799892902374,
      0.2662400007247925,
      0.26316800713539124,
      0.29286399483680725,
      0.2662400007247925,
      0.2611199915409088,
      0.2979840040206909,
      0.2744320034980774,
      0.26009601354599,
      0.2693119943141937,
      0.27955201268196106,
      0.26009601354599
    ]
  },
  "triton_topk_topp_from_uniform": {
    "median_ms": 0.22835199534893036,
    "p10_ms": 0.22630399465560913,
    "p90_ms": 0.2396160066127777,
    "samples_ms": [
      0.2396160066127777,
      0.2457599937915802,
      0.23244799673557281,
      0.2303999960422516,
      0.22835199534893036,
      0.23347200453281403,
      0.22732800245285034,
      0.22732800245285034,
      0.22630399465560913,
      0.24268800020217896,
      0.23347200453281403,
      0.22937600314617157,
      0.22835199534893036,
      0.23347200453281403,
      0.22937600314617157,
      0.22835199534893036,
      0.22630399465560913,
      0.23244799673557281,
      0.22732800245285034,
      0.22732800245285034,
      0.22630399465560913,
      0.24985599517822266,
      0.22732800245285034,
      0.22732800245285034,
      0.22630399465560913,
      0.23449599742889404,
      0.22732800245285034,
      0.22732800245285034,
      0.2252800017595291,
      0.23347200453281403
    ]
  },
  "triton_topk_topp_from_uniform_preallocated": {
    "median_ms": 0.21094399690628052,
    "p10_ms": 0.2099200040102005,
    "p90_ms": 0.21503999829292297,
    "samples_ms": [
      0.2170879989862442,
      0.21094399690628052,
      0.2099200040102005,
      0.21094399690628052,
      0.21503999829292297,
      0.21196800470352173,
      0.2099200040102005,
      0.2099200040102005,
      0.21299199759960175,
      0.21196800470352173,
      0.2099200040102005,
      0.2088959962129593,
      0.2181120067834854,
      0.21094399690628052,
      0.21094399690628052,
      0.2099200040102005,
      0.2099200040102005,
      0.21401600539684296,
      0.21196800470352173,
      0.2088959962129593,
      0.2099200040102005,
      0.21503999829292297,
      0.21094399690628052,
      0.2099200040102005,
      0.21094399690628052,
      0.21401600539684296,
      0.21094399690628052,
      0.2099200040102005,
      0.2099200040102005,
      0.2099200040102005
    ]
  },
  "warmup": 15
}
