{
  "cpu_roundtrip_topk_topp_from_uniform": {
    "median_ms": 2.2722050780430436,
    "p10_ms": 2.162231132388115,
    "p90_ms": 2.341760089620948,
    "samples_ms": [
      2.1789870224893093,
      2.1281458903104067,
      2.1992940455675125,
      2.1802231203764677,
      2.1657159086316824,
      2.274148166179657,
      2.4223271757364273,
      2.32824613340199,
      2.3476709611713886,
      2.3280500900000334,
      2.2549910936504602,
      2.150517189875245,
      2.2702619899064302,
      2.2839310113340616,
      2.240685047581792,
      2.296963008120656,
      2.324023051187396,
      2.251486061140895,
      2.2542711813002825,
      2.291350858286023,
      2.244706964120269,
      2.3334280122071505,
      2.2852569818496704,
      2.20732600428164,
      2.188700018450618,
      2.2574770264327526,
      2.304021967574954,
      2.162231132388115,
      2.3343591019511223,
      2.2782098967581987,
      2.24704691208899,
      2.143844962120056,
      2.518450142815709,
      2.341760089620948,
      2.319208811968565,
      2.2936940658837557,
      2.1326460409909487,
      2.2499931510537863,
      2.307649003341794,
      2.368846209719777
    ]
  },
  "flashinfer": {
    "available": true,
    "flashinfer_cuda_env": {
      "changed": true,
      "cuda_home": "/home/hhai/venvs/vllm-l20/lib/python3.12/site-packages/nvidia/cu13",
      "nvcc": "/home/hhai/venvs/vllm-l20/lib/python3.12/site-packages/nvidia/cu13/bin/nvcc",
      "nvcc_version": "nvcc: NVIDIA (R) Cuda compiler driver\nCopyright (c) 2005-2025 NVIDIA Corporation\nBuilt on Wed_Aug_20_01:58:59_PM_PDT_2025\nCuda compilation tools, release 13.0, V13.0.88\nBuild cuda_13.0.r13.0/compiler.36424714_0"
    },
    "flashinfer_topk_topp_from_logits": {
      "median_ms": 0.12697599828243256,
      "p10_ms": 0.12595200538635254,
      "p90_ms": 0.13209599256515503,
      "samples_ms": [
        0.1382399946451187,
        0.130048006772995,
        0.12800000607967377,
        0.1372160017490387,
        0.12800000607967377,
        0.13209599256515503,
        0.12800000607967377,
        0.12800000607967377,
        0.12697599828243256,
        0.12595200538635254,
        0.12697599828243256,
        0.13209599256515503,
        0.12800000607967377,
        0.12697599828243256,
        0.12595200538635254,
        0.12697599828243256,
        0.12492799758911133,
        0.12595200538635254,
        0.13312000036239624,
        0.12800000607967377,
        0.12595200538635254,
        0.12595200538635254,
        0.12595200538635254,
        0.12595200538635254,
        0.12697599828243256,
        0.13312000036239624,
        0.12800000607967377,
        0.12697599828243256,
        0.12697599828243256,
        0.12595200538635254,
        0.12595200538635254,
        0.12595200538635254,
        0.130048006772995,
        0.12800000607967377,
        0.12595200538635254,
        0.12595200538635254,
        0.12697599828243256,
        0.12697599828243256,
        0.12697599828243256,
        0.12902399897575378
      ]
    },
    "flashinfer_version": "0.6.12"
  },
  "hardware": "NVIDIA L20",
  "launch": {
    "block_vocab": 2048,
    "blocks_per_row": 75,
    "num_stages": 1,
    "num_warps": 8,
    "strategy": "two_stage_topk_topp_from_uniform"
  },
  "ratios": {
    "triton_preallocated_speedup_vs_flashinfer": 0.8857142500769433,
    "triton_preallocated_vs_cpu_roundtrip": 15.849644373289046,
    "triton_preallocated_vs_torch_gpu": 1.8714284273943123
  },
  "rounds": 40,
  "schema_version": 1,
  "shape": {
    "batch": 8,
    "dtype": "float16",
    "temperature": 0.8,
    "top_k": 50,
    "top_p": 0.9,
    "vocab": 151936
  },
  "torch_gpu_topk_topp_from_uniform": {
    "median_ms": 0.2682879865169525,
    "p10_ms": 0.25804799795150757,
    "p90_ms": 0.30105599761009216,
    "samples_ms": [
      0.2754560112953186,
      0.3246079981327057,
      0.2877439856529236,
      0.26419198513031006,
      0.2590720057487488,
      0.30105599761009216,
      0.26521599292755127,
      0.2590720057487488,
      0.28569599986076355,
      0.26316800713539124,
      0.26214399933815,
      0.31539198756217957,
      0.2764799892902374,
      0.26419198513031006,
      0.25804799795150757,
      0.2887679934501648,
      0.26316800713539124,
      0.25702399015426636,
      0.2887679934501648,
      0.26521599292755127,
      0.2590720057487488,
      0.30822399258613586,
      0.2826240062713623,
      0.26316800713539124,
      0.2590720057487488,
      0.29183998703956604,
      0.2621760070323944,
      0.25702399015426636,
      0.2826240062713623,
      0.2682879865169525,
      0.25702399015426636,
      0.3328000009059906,
      0.2826240062713623,
      0.2682879865169525,
      0.25600001215934753,
      0.30003198981285095,
      0.27238398790359497,
      0.26009601354599,
      0.2836480140686035,
      0.2693119943141937
    ]
  },
  "triton_topk_topp_from_uniform": {
    "median_ms": 0.16127999871969223,
    "p10_ms": 0.159743994474411,
    "p90_ms": 0.16793599724769592,
    "samples_ms": [
      0.1730560064315796,
      0.16383999586105347,
      0.16179199516773224,
      0.1730239987373352,
      0.1669120043516159,
      0.16281600296497345,
      0.16281600296497345,
      0.16076800227165222,
      0.16486400365829468,
      0.16793599724769592,
      0.16179199516773224,
      0.159743994474411,
      0.159743994474411,
      0.16076800227165222,
      0.1658879965543747,
      0.16179199516773224,
      0.159743994474411,
      0.158720001578331,
      0.15769599378108978,
      0.159743994474411,
      0.1658879965543747,
      0.159743994474411,
      0.158720001578331,
      0.16896000504493713,
      0.16793599724769592,
      0.1669120043516159,
      0.16179199516773224,
      0.159743994474411,
      0.159743994474411,
      0.16076800227165222,
      0.17203199863433838,
      0.16076800227165222,
      0.16076800227165222,
      0.16076800227165222,
      0.158720001578331,
      0.16076800227165222,
      0.1669120043516159,
      0.16076800227165222,
      0.16179199516773224,
      0.16076800227165222
    ]
  },
  "triton_topk_topp_from_uniform_preallocated": {
    "median_ms": 0.14336000382900238,
    "p10_ms": 0.14131200313568115,
    "p90_ms": 0.14745600521564484,
    "samples_ms": [
      0.14745600521564484,
      0.1443839967250824,
      0.14233599603176117,
      0.1525759994983673,
      0.14336000382900238,
      0.1454080045223236,
      0.14131200313568115,
      0.14131200313568115,
      0.14233599603176117,
      0.14233599603176117,
      0.14131200313568115,
      0.14643199741840363,
      0.14233599603176117,
      0.14336000382900238,
      0.14233599603176117,
      0.14233599603176117,
      0.14131200313568115,
      0.14745600521564484,
      0.14233599603176117,
      0.14131200313568115,
      0.14233599603176117,
      0.14233599603176117,
      0.1515520066022873,
      0.14745600521564484,
      0.14336000382900238,
      0.14233599603176117,
      0.14233599603176117,
      0.15052799880504608,
      0.1454080045223236,
      0.14745600521564484,
      0.1443839967250824,
      0.14336000382900238,
      0.14336000382900238,
      0.14336000382900238,
      0.14336000382900238,
      0.14643199741840363,
      0.1443839967250824,
      0.1443839967250824,
      0.1454080045223236,
      0.14336000382900238
    ]
  },
  "warmup": 20
}
