{
  "cpu_roundtrip_topk_topp_from_uniform": {
    "median_ms": 14.444015570916235,
    "p10_ms": 14.313278952613473,
    "p90_ms": 14.664461137726903,
    "samples_ms": [
      14.38880106434226,
      14.297866960987449,
      14.835149981081486,
      14.337678905576468,
      14.50295397080481,
      14.264866942539811,
      14.615311985835433,
      14.359842985868454,
      14.403303153812885,
      14.50391998514533,
      14.207711210474372,
      14.477717923000455,
      14.614334097132087,
      14.527338091284037,
      14.426531968638301,
      14.49879608117044,
      14.405212830752134,
      14.664461137726903,
      14.46149917319417,
      14.416931197047234,
      14.581706142053008,
      14.976707054302096,
      14.506752137094736,
      14.322080882266164,
      14.52103303745389,
      14.717953046783805,
      14.313278952613473,
      14.385261107236147,
      14.409263152629137,
      14.352576108649373
    ]
  },
  "hardware": "NVIDIA L20",
  "launch": {
    "block_vocab": 512,
    "blocks_per_row": 297,
    "num_stages": 1,
    "num_warps": 4,
    "strategy": "two_stage_topk_topp_from_uniform"
  },
  "ratios": {
    "triton_preallocated_vs_cpu_roundtrip": 11.203720016843004,
    "triton_preallocated_vs_torch_gpu": 0.2406671947736457
  },
  "rounds": 30,
  "schema_version": 1,
  "shape": {
    "batch": 64,
    "dtype": "float16",
    "temperature": 0.8,
    "top_k": 50,
    "top_p": 0.9,
    "vocab": 151936
  },
  "torch_gpu_topk_topp_from_uniform": {
    "median_ms": 0.3102720081806183,
    "p10_ms": 0.30720001459121704,
    "p90_ms": 0.32051199674606323,
    "samples_ms": [
      0.3164159953594208,
      0.30822399258613586,
      0.317440003156662,
      0.3123199939727783,
      0.30617600679397583,
      0.32870399951934814,
      0.3102720081806183,
      0.3112959861755371,
      0.3102720081806183,
      0.3123199939727783,
      0.3102720081806183,
      0.3092480003833771,
      0.3092480003833771,
      0.30617600679397583,
      0.32051199674606323,
      0.3092480003833771,
      0.30720001459121704,
      0.31436800956726074,
      0.3092480003833771,
      0.3102720081806183,
      0.317440003156662,
      0.3112959861755371,
      0.30720001459121704,
      0.33484798669815063,
      0.30720001459121704,
      0.3092480003833771,
      0.31334400177001953,
      0.30822399258613586,
      0.30720001459121704,
      0.3246079981327057
    ]
  },
  "triton_topk_topp_from_uniform": {
    "median_ms": 1.3107199668884277,
    "p10_ms": 1.3086719512939453,
    "p90_ms": 1.316864013671875,
    "samples_ms": [
      1.3250559568405151,
      1.311743974685669,
      1.316864013671875,
      1.3096959590911865,
      1.316864013671875,
      1.3096959590911865,
      1.3127679824829102,
      1.3189120292663574,
      1.311743974685669,
      1.3148479461669922,
      1.3096959590911865,
      1.3137919902801514,
      1.3137919902801514,
      1.3107199668884277,
      1.3086719512939453,
      1.311743974685669,
      1.3086719512939453,
      1.3086719512939453,
      1.3107199668884277,
      1.3107199668884277,
      1.3086719512939453,
      1.3096959590911865,
      1.316864013671875,
      1.3086719512939453,
      1.3056000471115112,
      1.32915198802948,
      1.311743974685669,
      1.3076800107955933,
      1.3086719512939453,
      1.3066240549087524
    ]
  },
  "triton_topk_topp_from_uniform_preallocated": {
    "median_ms": 1.2892160415649414,
    "p10_ms": 1.287168025970459,
    "p90_ms": 1.294335961341858,
    "samples_ms": [
      1.294335961341858,
      1.2933119535446167,
      1.3004800081253052,
      1.2912640571594238,
      1.287168025970459,
      1.2881920337677002,
      1.2912640571594238,
      1.2922879457473755,
      1.2922879457473755,
      1.287168025970459,
      1.299456000328064,
      1.2892160415649414,
      1.2892160415649414,
      1.2861440181732178,
      1.2892160415649414,
      1.2902400493621826,
      1.2861440181732178,
      1.2892160415649414,
      1.2912640571594238,
      1.2892160415649414,
      1.2892160415649414,
      1.2902400493621826,
      1.2933119535446167,
      1.2881920337677002,
      1.2892160415649414,
      1.287168025970459,
      1.2881920337677002,
      1.287168025970459,
      1.2892160415649414,
      1.294335961341858
    ]
  },
  "warmup": 15
}
