{
  "cpu_roundtrip_topk_topp_from_uniform": {
    "median_ms": 14.349633594974875,
    "p10_ms": 14.21973598189652,
    "p90_ms": 14.585942029953003,
    "samples_ms": [
      14.325362863019109,
      14.653388876467943,
      14.209727989509702,
      14.201910002157092,
      14.329275116324425,
      14.316200977191329,
      14.298697002232075,
      14.17204993776977,
      14.4714938942343,
      14.341988135129213,
      14.407659880816936,
      14.28822218440473,
      14.21973598189652,
      14.496220042929053,
      14.32992797344923,
      14.234269969165325,
      14.572907937690616,
      14.585942029953003,
      14.437805162742734,
      14.672719174996018,
      14.348283177241683,
      14.350984012708068,
      14.403593027964234,
      14.353588921949267,
      14.468349050730467,
      14.607751974835992,
      14.561363030225039,
      14.32535913772881,
      14.582685893401504,
      14.283617027103901
    ]
  },
  "hardware": "NVIDIA L20",
  "launch": {
    "block_vocab": 2048,
    "blocks_per_row": 75,
    "num_stages": 1,
    "num_warps": 8,
    "strategy": "two_stage_topk_topp_from_uniform"
  },
  "ratios": {
    "triton_preallocated_vs_cpu_roundtrip": 22.7488873542576,
    "triton_preallocated_vs_torch_gpu": 0.4918831492500236
  },
  "rounds": 30,
  "schema_version": 1,
  "shape": {
    "batch": 64,
    "dtype": "float16",
    "temperature": 0.8,
    "top_k": 50,
    "top_p": 0.9,
    "vocab": 151936
  },
  "torch_gpu_topk_topp_from_uniform": {
    "median_ms": 0.3102720081806183,
    "p10_ms": 0.30822399258613586,
    "p90_ms": 0.31334400177001953,
    "samples_ms": [
      0.31539198756217957,
      0.3092480003833771,
      0.31334400177001953,
      0.30822399258613586,
      0.3123199939727783,
      0.31334400177001953,
      0.30822399258613586,
      0.3102720081806183,
      0.31334400177001953,
      0.3102720081806183,
      0.3092480003833771,
      0.3123199939727783,
      0.30720001459121704,
      0.3102720081806183,
      0.31436800956726074,
      0.30822399258613586,
      0.30822399258613586,
      0.3112959861755371,
      0.3112959861755371,
      0.3102720081806183,
      0.3123199939727783,
      0.3092480003833771,
      0.3092480003833771,
      0.31334400177001953,
      0.3092480003833771,
      0.30822399258613586,
      0.31334400177001953,
      0.30720001459121704,
      0.3112959861755371,
      0.3123199939727783
    ]
  },
  "triton_topk_topp_from_uniform": {
    "median_ms": 0.6502400040626526,
    "p10_ms": 0.6451200246810913,
    "p90_ms": 0.652288019657135,
    "samples_ms": [
      0.6574079990386963,
      0.652288019657135,
      0.6461439728736877,
      0.6502400040626526,
      0.652288019657135,
      0.6471359729766846,
      0.6502400040626526,
      0.6502400040626526,
      0.6440960168838501,
      0.652288019657135,
      0.6533120274543762,
      0.6461439728736877,
      0.6502400040626526,
      0.6502400040626526,
      0.6451200246810913,
      0.6512640118598938,
      0.6512640118598938,
      0.6440960168838501,
      0.6512640118598938,
      0.652288019657135,
      0.652288019657135,
      0.6461439728736877,
      0.6502400040626526,
      0.6543359756469727,
      0.6451200246810913,
      0.6502400040626526,
      0.6502400040626526,
      0.6502400040626526,
      0.652288019657135,
      0.6492159962654114
    ]
  },
  "triton_topk_topp_from_uniform_preallocated": {
    "median_ms": 0.6307839751243591,
    "p10_ms": 0.6266880035400391,
    "p90_ms": 0.6328319907188416,
    "samples_ms": [
      0.6328319907188416,
      0.6328319907188416,
      0.6307839751243591,
      0.6266880035400391,
      0.6287360191345215,
      0.6420480012893677,
      0.6266880035400391,
      0.6307839751243591,
      0.6307839751243591,
      0.6277120113372803,
      0.6307839751243591,
      0.6307839751243591,
      0.6266880035400391,
      0.6307839751243591,
      0.634880006313324,
      0.6307839751243591,
      0.6328319907188416,
      0.6277120113372803,
      0.6307839751243591,
      0.6307839751243591,
      0.6256639957427979,
      0.6297600269317627,
      0.6318079829216003,
      0.6287360191345215,
      0.6307839751243591,
      0.6307839751243591,
      0.6277120113372803,
      0.6307839751243591,
      0.6307839751243591,
      0.6266880035400391
    ]
  },
  "warmup": 15
}
