{
  "cpu_roundtrip_topk_topp_from_uniform": {
    "median_ms": 3.9917280664667487,
    "p10_ms": 3.890870837494731,
    "p90_ms": 4.15433500893414,
    "samples_ms": [
      3.9871211629360914,
      4.05149208381772,
      3.996334969997406,
      3.981587942689657,
      3.922865027561784,
      3.9486230816692114,
      3.8671009242534637,
      3.914132947102189,
      3.890870837494731,
      3.928104881197214,
      4.364148015156388,
      4.167096922174096,
      4.091029986739159,
      4.15433500893414,
      4.012005869299173,
      4.0272928308695555,
      3.9058909751474857,
      4.012593068182468,
      3.8687950000166893,
      3.909891005605459,
      3.8844530936330557,
      3.9338760543614626,
      3.9805991109460592,
      4.103065934032202,
      3.9566480554640293,
      4.284763941541314,
      4.019879968836904,
      4.084913991391659,
      4.036678932607174,
      4.0041429456323385
    ]
  },
  "hardware": "NVIDIA L20",
  "launch": {
    "block_vocab": 512,
    "blocks_per_row": 297,
    "num_stages": 1,
    "num_warps": 4,
    "strategy": "two_stage_topk_topp_from_uniform"
  },
  "ratios": {
    "triton_preallocated_vs_cpu_roundtrip": 7.286302702073063,
    "triton_preallocated_vs_torch_gpu": 0.5177570357830236
  },
  "rounds": 30,
  "schema_version": 1,
  "shape": {
    "batch": 16,
    "dtype": "float16",
    "temperature": 0.8,
    "top_k": 50,
    "top_p": 0.9,
    "vocab": 151936
  },
  "torch_gpu_topk_topp_from_uniform": {
    "median_ms": 0.2836480140686035,
    "p10_ms": 0.2734079957008362,
    "p90_ms": 0.3092480003833771,
    "samples_ms": [
      0.29183998703956604,
      0.2805759906768799,
      0.3102720081806183,
      0.28569599986076355,
      0.2815999984741211,
      0.3184640109539032,
      0.28675198554992676,
      0.2754560112953186,
      0.30003198981285095,
      0.2805759906768799,
      0.27750399708747864,
      0.2949120104312897,
      0.289792001247406,
      0.2754560112953186,
      0.2703680098056793,
      0.31334400177001953,
      0.27136000990867615,
      0.2836480140686035,
      0.30105599761009216,
      0.2754560112953186,
      0.2744320034980774,
      0.30617600679397583,
      0.2764799892902374,
      0.2744320034980774,
      0.3092480003833771,
      0.2836480140686035,
      0.2734079957008362,
      0.2908160090446472,
      0.2836480140686035,
      0.2693119943141937
    ]
  },
  "triton_topk_topp_from_uniform": {
    "median_ms": 0.5693439841270447,
    "p10_ms": 0.5642240047454834,
    "p90_ms": 0.5734400153160095,
    "samples_ms": [
      0.5867519974708557,
      0.567296028137207,
      0.5703679919242859,
      0.5642240047454834,
      0.5693439841270447,
      0.5816320180892944,
      0.5642240047454834,
      0.5703679919242859,
      0.5631999969482422,
      0.5693439841270447,
      0.5888000130653381,
      0.5683199763298035,
      0.5693439841270447,
      0.5631999969482422,
      0.5703679919242859,
      0.5734400153160095,
      0.5693439841270447,
      0.5693439841270447,
      0.5642240047454834,
      0.5703679919242859,
      0.5662720203399658,
      0.5703679919242859,
      0.5703679919242859,
      0.5642240047454834,
      0.5703679919242859,
      0.5642240047454834,
      0.5683199763298035,
      0.5703679919242859,
      0.5631999969482422,
      0.5683199763298035
    ]
  },
  "triton_topk_topp_from_uniform_preallocated": {
    "median_ms": 0.5478399991989136,
    "p10_ms": 0.5457919836044312,
    "p90_ms": 0.5509120225906372,
    "samples_ms": [
      0.5529599785804749,
      0.5509120225906372,
      0.5478399991989136,
      0.5488640069961548,
      0.5488640069961548,
      0.5457919836044312,
      0.549888014793396,
      0.5478399991989136,
      0.5488640069961548,
      0.5457919836044312,
      0.5488640069961548,
      0.5550079941749573,
      0.5468159914016724,
      0.549888014793396,
      0.5447679758071899,
      0.549888014793396,
      0.5468159914016724,
      0.5488640069961548,
      0.5478399991989136,
      0.5447679758071899,
      0.5478399991989136,
      0.5468159914016724,
      0.5488640069961548,
      0.5457919836044312,
      0.5478399991989136,
      0.5478399991989136,
      0.5468159914016724,
      0.5488640069961548,
      0.5457919836044312,
      0.5509120225906372
    ]
  },
  "warmup": 15
}
