{
  "cpu_roundtrip_topk_topp_from_uniform": {
    "median_ms": 2.231652499176562,
    "p10_ms": 2.1338220685720444,
    "p90_ms": 2.348590875044465,
    "samples_ms": [
      2.1664989180862904,
      2.1366989240050316,
      2.1548790391534567,
      2.155250171199441,
      2.1797441877424717,
      2.1555651910603046,
      2.132661873474717,
      2.1419599652290344,
      2.241056878119707,
      2.3371491115540266,
      2.40440689958632,
      2.348590875044465,
      2.3081470280885696,
      2.6301778852939606,
      2.256083069369197,
      2.160327974706888,
      2.351514995098114,
      2.286324044689536,
      2.2222481202334166,
      2.1191320847719908,
      2.3132299538701773,
      2.258741995319724,
      2.2047730162739754,
      2.1055329125374556,
      2.2494997829198837,
      2.292123157531023,
      2.2555808536708355,
      2.1338220685720444,
      2.2075229790061712,
      2.2602069657295942
    ]
  },
  "hardware": "NVIDIA L20",
  "launch": {
    "block_vocab": 1024,
    "blocks_per_row": 149,
    "num_stages": 1,
    "num_warps": 4,
    "strategy": "two_stage_topk_topp_from_uniform"
  },
  "ratios": {
    "triton_preallocated_vs_cpu_roundtrip": 15.029987389259924,
    "triton_preallocated_vs_torch_gpu": 1.8103447860587432
  },
  "rounds": 30,
  "schema_version": 1,
  "shape": {
    "batch": 8,
    "dtype": "float16",
    "temperature": 0.8,
    "top_k": 50,
    "top_p": 0.9,
    "vocab": 151936
  },
  "torch_gpu_topk_topp_from_uniform": {
    "median_ms": 0.2687999904155731,
    "p10_ms": 0.2590720057487488,
    "p90_ms": 0.3020800054073334,
    "samples_ms": [
      0.27238398790359497,
      0.3102720081806183,
      0.2682879865169525,
      0.26316800713539124,
      0.289792001247406,
      0.26316800713539124,
      0.2590720057487488,
      0.2826240062713623,
      0.27238398790359497,
      0.26009601354599,
      0.26316800713539124,
      0.3020800054073334,
      0.27136000990867615,
      0.26419198513031006,
      0.28569599986076355,
      0.2662400007247925,
      0.26009601354599,
      0.27136000990867615,
      0.2734079957008362,
      0.2590720057487488,
      0.26214399933815,
      0.30822399258613586,
      0.2693119943141937,
      0.2590720057487488,
      0.30617600679397583,
      0.2662400007247925,
      0.25804799795150757,
      0.27033600211143494,
      0.2866879999637604,
      0.26211199164390564
    ]
  },
  "triton_topk_topp_from_uniform": {
    "median_ms": 0.1664000004529953,
    "p10_ms": 0.16383999586105347,
    "p90_ms": 0.1730560064315796,
    "samples_ms": [
      0.17715199291706085,
      0.16998399794101715,
      0.17203199863433838,
      0.1669120043516159,
      0.16486400365829468,
      0.1658879965543747,
      0.16383999586105347,
      0.1730560064315796,
      0.1669120043516159,
      0.16793599724769592,
      0.1669120043516159,
      0.1669120043516159,
      0.17203199863433838,
      0.1658879965543747,
      0.16383999586105347,
      0.16486400365829468,
      0.16486400365829468,
      0.16383999586105347,
      0.16998399794101715,
      0.1669120043516159,
      0.16486400365829468,
      0.16383999586105347,
      0.16486400365829468,
      0.1730560064315796,
      0.1658879965543747,
      0.16383999586105347,
      0.16486400365829468,
      0.16383999586105347,
      0.1812479943037033,
      0.16896000504493713
    ]
  },
  "triton_topk_topp_from_uniform_preallocated": {
    "median_ms": 0.14847999811172485,
    "p10_ms": 0.14745600521564484,
    "p90_ms": 0.1515520066022873,
    "samples_ms": [
      0.15360000729560852,
      0.14950400590896606,
      0.14847999811172485,
      0.14745600521564484,
      0.159743994474411,
      0.14950400590896606,
      0.14745600521564484,
      0.14745600521564484,
      0.14847999811172485,
      0.14745600521564484,
      0.15052799880504608,
      0.14847999811172485,
      0.14745600521564484,
      0.14745600521564484,
      0.14745600521564484,
      0.14643199741840363,
      0.15052799880504608,
      0.15052799880504608,
      0.14847999811172485,
      0.14745600521564484,
      0.14745600521564484,
      0.14745600521564484,
      0.1515520066022873,
      0.14847999811172485,
      0.14745600521564484,
      0.14950400590896606,
      0.14847999811172485,
      0.14847999811172485,
      0.1515520066022873,
      0.14847999811172485
    ]
  },
  "warmup": 15
}
