{
  "cpu_roundtrip_topk_topp_from_uniform": {
    "median_ms": 2.2799004800617695,
    "p10_ms": 2.1409320179373026,
    "p90_ms": 2.376960124820471,
    "samples_ms": [
      2.208649879321456,
      2.212587045505643,
      2.135440008714795,
      2.1409320179373026,
      2.1322809625416994,
      2.2517619654536247,
      2.1504710894078016,
      2.11838586255908,
      2.3205678444355726,
      2.4523299653083086,
      2.3249019868671894,
      2.363156992942095,
      2.3406879045069218,
      2.341899089515209,
      2.3011770099401474,
      2.376960124820471,
      2.237676177173853,
      2.312231110408902,
      2.2713940124958754,
      2.32245703227818,
      2.2884069476276636,
      2.1892660297453403,
      2.1959119476377964,
      2.7508519124239683,
      2.351527102291584,
      2.4334602057933807,
      2.234731102362275,
      2.299763960763812,
      2.2679080720990896,
      2.2262288257479668
    ]
  },
  "hardware": "NVIDIA L20",
  "launch": {
    "block_vocab": 2048,
    "blocks_per_row": 75,
    "num_stages": 1,
    "num_warps": 8,
    "strategy": "two_stage_topk_topp_from_uniform"
  },
  "ratios": {
    "triton_preallocated_vs_cpu_roundtrip": 15.90332323638328,
    "triton_preallocated_vs_torch_gpu": 1.8785713387356278
  },
  "rounds": 30,
  "schema_version": 1,
  "shape": {
    "batch": 8,
    "dtype": "float16",
    "temperature": 0.8,
    "top_k": 50,
    "top_p": 0.9,
    "vocab": 151936
  },
  "torch_gpu_topk_topp_from_uniform": {
    "median_ms": 0.2693119943141937,
    "p10_ms": 0.25702399015426636,
    "p90_ms": 0.2908160090446472,
    "samples_ms": [
      0.2764799892902374,
      0.27955201268196106,
      0.29183998703956604,
      0.27033600211143494,
      0.2590720057487488,
      0.2979840040206909,
      0.2693119943141937,
      0.26316800713539124,
      0.28569599986076355,
      0.2693119943141937,
      0.2682879865169525,
      0.289792001247406,
      0.28672000765800476,
      0.26009601354599,
      0.2539519965648651,
      0.2908160090446472,
      0.2611199915409088,
      0.25699201226234436,
      0.3041279911994934,
      0.2662400007247925,
      0.25702399015426636,
      0.2682879865169525,
      0.28569599986076355,
      0.2590720057487488,
      0.25600001215934753,
      0.2908160090446472,
      0.2693119943141937,
      0.25702399015426636,
      0.27750399708747864,
      0.2662400007247925
    ]
  },
  "triton_topk_topp_from_uniform": {
    "median_ms": 0.16281600296497345,
    "p10_ms": 0.16076800227165222,
    "p90_ms": 0.16793599724769592,
    "samples_ms": [
      0.175135999917984,
      0.16383999586105347,
      0.1669120043516159,
      0.16281600296497345,
      0.16076800227165222,
      0.16179199516773224,
      0.16281600296497345,
      0.16793599724769592,
      0.16281600296497345,
      0.16281600296497345,
      0.16486400365829468,
      0.16076800227165222,
      0.1884160041809082,
      0.16486400365829468,
      0.16281600296497345,
      0.16076800227165222,
      0.16076800227165222,
      0.16076800227165222,
      0.1669120043516159,
      0.16383999586105347,
      0.16076800227165222,
      0.16076800227165222,
      0.159743994474411,
      0.16793599724769592,
      0.16179199516773224,
      0.16179199516773224,
      0.159743994474411,
      0.159743994474411,
      0.16076800227165222,
      0.1669120043516159
    ]
  },
  "triton_topk_topp_from_uniform_preallocated": {
    "median_ms": 0.14336000382900238,
    "p10_ms": 0.14233599603176117,
    "p90_ms": 0.14847999811172485,
    "samples_ms": [
      0.14847999811172485,
      0.1454080045223236,
      0.1443839967250824,
      0.14748799800872803,
      0.14336000382900238,
      0.14950400590896606,
      0.1443839967250824,
      0.1443839967250824,
      0.14336000382900238,
      0.14233599603176117,
      0.14233599603176117,
      0.14745600521564484,
      0.1443839967250824,
      0.14336000382900238,
      0.14233599603176117,
      0.14336000382900238,
      0.14336000382900238,
      0.14643199741840363,
      0.14336000382900238,
      0.14336000382900238,
      0.14336000382900238,
      0.14336000382900238,
      0.14233599603176117,
      0.15564799308776855,
      0.1454080045223236,
      0.1443839967250824,
      0.14336000382900238,
      0.14336000382900238,
      0.14233599603176117,
      0.14950400590896606
    ]
  },
  "warmup": 15
}
