{
  "cpu_roundtrip_topk_topp_from_uniform": {
    "median_ms": 1.6540609067305923,
    "p10_ms": 1.6160279046744108,
    "p90_ms": 1.7516771331429482,
    "samples_ms": [
      1.6604859847575426,
      1.6227939631789923,
      1.6187417786568403,
      1.6615490894764662,
      1.6236389055848122,
      1.656854059547186,
      1.6400739550590515,
      1.5985548961907625,
      1.6321430448442698,
      1.642643939703703,
      1.6325400210916996,
      1.6243800055235624,
      1.6160279046744108,
      1.610524021089077,
      1.6173887997865677,
      1.6343621537089348,
      1.6050378326326609,
      1.6567979473620653,
      1.7010560259222984,
      1.6964408569037914,
      1.655394909903407,
      1.6527269035577774,
      1.634413842111826,
      1.6287700273096561,
      1.6593830659985542,
      1.6302280128002167,
      1.6332389786839485,
      1.6599490772932768,
      1.6153901815414429,
      1.6743410378694534,
      1.79912312887609,
      1.7699790187180042,
      1.729757059365511,
      1.7073201015591621,
      1.709762029349804,
      1.7516771331429482,
      1.7705601640045643,
      1.7415978945791721,
      1.7028138972818851,
      1.7747441306710243
    ]
  },
  "flashinfer": {
    "available": true,
    "flashinfer_cuda_env": {
      "changed": true,
      "cuda_home": "/home/hhai/venvs/vllm-l20/lib/python3.12/site-packages/nvidia/cu13",
      "nvcc": "/home/hhai/venvs/vllm-l20/lib/python3.12/site-packages/nvidia/cu13/bin/nvcc",
      "nvcc_version": "nvcc: NVIDIA (R) Cuda compiler driver\nCopyright (c) 2005-2025 NVIDIA Corporation\nBuilt on Wed_Aug_20_01:58:59_PM_PDT_2025\nCuda compilation tools, release 13.0, V13.0.88\nBuild cuda_13.0.r13.0/compiler.36424714_0"
    },
    "flashinfer_topk_topp_from_logits": {
      "median_ms": 0.12390399724245071,
      "p10_ms": 0.1228799968957901,
      "p90_ms": 0.130048006772995,
      "samples_ms": [
        0.13516800105571747,
        0.12800000607967377,
        0.12595200538635254,
        0.1228799968957901,
        0.12390399724245071,
        0.12492799758911133,
        0.12390399724245071,
        0.1515520066022873,
        0.12697599828243256,
        0.12492799758911133,
        0.12390399724245071,
        0.1228799968957901,
        0.12390399724245071,
        0.1228799968957901,
        0.1372160017490387,
        0.12492799758911133,
        0.12390399724245071,
        0.12390399724245071,
        0.12390399724245071,
        0.1228799968957901,
        0.1228799968957901,
        0.130048006772995,
        0.12800000607967377,
        0.12390399724245071,
        0.1228799968957901,
        0.1228799968957901,
        0.1228799968957901,
        0.12185599654912949,
        0.12902399897575378,
        0.12390399724245071,
        0.12492799758911133,
        0.1228799968957901,
        0.12390399724245071,
        0.1228799968957901,
        0.1228799968957901,
        0.130048006772995,
        0.12595200538635254,
        0.12492799758911133,
        0.12390399724245071,
        0.1228799968957901
      ]
    },
    "flashinfer_version": "0.6.12"
  },
  "hardware": "NVIDIA L20",
  "launch": {
    "block_vocab": 2048,
    "blocks_per_row": 75,
    "num_stages": 1,
    "num_warps": 8,
    "strategy": "two_stage_topk_topp_from_uniform"
  },
  "ratios": {
    "triton_preallocated_speedup_vs_flashinfer": 1.1747572726376236,
    "triton_preallocated_vs_cpu_roundtrip": 15.682464834166089,
    "triton_preallocated_vs_torch_gpu": 2.4951457353139386
  },
  "rounds": 40,
  "schema_version": 1,
  "shape": {
    "batch": 4,
    "dtype": "float16",
    "temperature": 0.8,
    "top_k": 50,
    "top_p": 0.9,
    "vocab": 151936
  },
  "torch_gpu_topk_topp_from_uniform": {
    "median_ms": 0.26316800713539124,
    "p10_ms": 0.2529279887676239,
    "p90_ms": 0.29388800263404846,
    "samples_ms": [
      0.2693119943141937,
      0.26009601354599,
      0.3041279911994934,
      0.26521599292755127,
      0.2590720057487488,
      0.2949120104312897,
      0.27033600211143494,
      0.25702399015426636,
      0.26419198513031006,
      0.3041279911994934,
      0.26316800713539124,
      0.25804799795150757,
      0.30003198981285095,
      0.26214399933815,
      0.2529279887676239,
      0.2754560112953186,
      0.26521599292755127,
      0.2549760043621063,
      0.24883200228214264,
      0.29388800263404846,
      0.2611199915409088,
      0.2549760043621063,
      0.27750399708747864,
      0.26316800713539124,
      0.2529279887676239,
      0.2529279887676239,
      0.2836480140686035,
      0.25600001215934753,
      0.25702399015426636,
      0.29183998703956604,
      0.2682879865169525,
      0.25804799795150757,
      0.2662400007247925,
      0.27852800488471985,
      0.2539519965648651,
      0.24985599517822266,
      0.2887679934501648,
      0.25600001215934753,
      0.2529279887676239,
      0.27033600211143494
    ]
  },
  "triton_topk_topp_from_uniform": {
    "median_ms": 0.12185599654912949,
    "p10_ms": 0.12083200365304947,
    "p90_ms": 0.12800000607967377,
    "samples_ms": [
      0.13516800105571747,
      0.12595200538635254,
      0.1228799968957901,
      0.12185599654912949,
      0.13926400244235992,
      0.12697599828243256,
      0.12492799758911133,
      0.1228799968957901,
      0.12083200365304947,
      0.12083200365304947,
      0.11980800330638885,
      0.12800000607967377,
      0.1228799968957901,
      0.12390399724245071,
      0.12083200365304947,
      0.12185599654912949,
      0.12185599654912949,
      0.12083200365304947,
      0.13516800105571747,
      0.12595200538635254,
      0.12185599654912949,
      0.12083200365304947,
      0.11980800330638885,
      0.12185599654912949,
      0.11980800330638885,
      0.12800000607967377,
      0.12185599654912949,
      0.12185599654912949,
      0.12083200365304947,
      0.12083200365304947,
      0.12083200365304947,
      0.12083200365304947,
      0.12800000607967377,
      0.12185599654912949,
      0.12083200365304947,
      0.12390399724245071,
      0.12390399724245071,
      0.12185599654912949,
      0.12185599654912949,
      0.13619199395179749
    ]
  },
  "triton_topk_topp_from_uniform_preallocated": {
    "median_ms": 0.10547199845314026,
    "p10_ms": 0.10444799810647964,
    "p90_ms": 0.10956799983978271,
    "samples_ms": [
      0.11161600053310394,
      0.11059200018644333,
      0.10751999914646149,
      0.10547199845314026,
      0.10547199845314026,
      0.10444799810647964,
      0.10444799810647964,
      0.10547199845314026,
      0.10547199845314026,
      0.10956799983978271,
      0.10547199845314026,
      0.10547199845314026,
      0.10547199845314026,
      0.10444799810647964,
      0.10342399775981903,
      0.10444799810647964,
      0.10342399775981903,
      0.10956799983978271,
      0.10649599879980087,
      0.10547199845314026,
      0.10547199845314026,
      0.10444799810647964,
      0.10444799810647964,
      0.10444799810647964,
      0.10444799810647964,
      0.1085439994931221,
      0.10547199845314026,
      0.10649599879980087,
      0.10547199845314026,
      0.10547199845314026,
      0.10547199845314026,
      0.10547199845314026,
      0.10444799810647964,
      0.10956799983978271,
      0.10751999914646149,
      0.10649599879980087,
      0.10547199845314026,
      0.10444799810647964,
      0.10751999914646149,
      0.10547199845314026
    ]
  },
  "warmup": 20
}
