{
  "cpu_roundtrip_topk_topp_from_uniform": {
    "median_ms": 0.8189454674720764,
    "p10_ms": 0.7710109930485487,
    "p90_ms": 0.8325579110532999,
    "samples_ms": [
      0.8179009892046452,
      0.8278440218418837,
      0.8337229955941439,
      0.7940900977700949,
      0.7913631852716208,
      0.7833859417587519,
      0.8333020377904177,
      0.8325579110532999,
      0.8186970371752977,
      0.8269320242106915,
      0.7699849084019661,
      0.7773949764668941,
      0.8191550150513649,
      0.8180730510503054,
      0.7992328610271215,
      0.8291010744869709,
      0.8275851141661406,
      0.7645620498806238,
      0.8014170452952385,
      0.8132429793477058,
      0.8404189720749855,
      0.8207829669117928,
      0.8225548081099987,
      0.7453020662069321,
      0.8256989531219006,
      0.8300109766423702,
      0.8306361269205809,
      0.831827986985445,
      0.8238169830292463,
      0.8068839088082314,
      0.7710109930485487,
      0.825443072244525,
      0.8187359198927879,
      0.8151170331984758,
      0.8498600218445063,
      0.8084198925644159,
      0.7684349548071623,
      0.774263171479106,
      0.8269632235169411,
      0.8300868794322014
    ]
  },
  "flashinfer": {
    "available": true,
    "flashinfer_cuda_env": {
      "changed": true,
      "cuda_home": "/home/hhai/venvs/vllm-l20/lib/python3.12/site-packages/nvidia/cu13",
      "nvcc": "/home/hhai/venvs/vllm-l20/lib/python3.12/site-packages/nvidia/cu13/bin/nvcc",
      "nvcc_version": "nvcc: NVIDIA (R) Cuda compiler driver\nCopyright (c) 2005-2025 NVIDIA Corporation\nBuilt on Wed_Aug_20_01:58:59_PM_PDT_2025\nCuda compilation tools, release 13.0, V13.0.88\nBuild cuda_13.0.r13.0/compiler.36424714_0"
    },
    "flashinfer_topk_topp_from_logits": {
      "median_ms": 0.11776000261306763,
      "p10_ms": 0.1157120019197464,
      "p90_ms": 0.12185599654912949,
      "samples_ms": [
        0.12902399897575378,
        0.12083200365304947,
        0.11776000261306763,
        0.11776000261306763,
        0.11776000261306763,
        0.11980800330638885,
        0.11878400295972824,
        0.11878400295972824,
        0.11776000261306763,
        0.11673600226640701,
        0.1157120019197464,
        0.11673600226640701,
        0.1157120019197464,
        0.12390399724245071,
        0.11878400295972824,
        0.11776000261306763,
        0.11776000261306763,
        0.11772800236940384,
        0.1157120019197464,
        0.1157120019197464,
        0.12185599654912949,
        0.12390399724245071,
        0.11980800330638885,
        0.11673600226640701,
        0.11776000261306763,
        0.11673600226640701,
        0.11776000261306763,
        0.1228799968957901,
        0.11776000261306763,
        0.11673600226640701,
        0.1157120019197464,
        0.11673600226640701,
        0.11776000261306763,
        0.1157120019197464,
        0.12185599654912949,
        0.11977600306272507,
        0.11776000261306763,
        0.11776000261306763,
        0.11673600226640701,
        0.11776000261306763
      ]
    },
    "flashinfer_version": "0.6.12"
  },
  "hardware": "NVIDIA L20",
  "launch": {
    "block_vocab": 2048,
    "blocks_per_row": 75,
    "num_stages": 1,
    "num_warps": 8,
    "strategy": "two_stage_topk_topp_from_uniform"
  },
  "ratios": {
    "triton_preallocated_speedup_vs_flashinfer": 1.5131579955118828,
    "triton_preallocated_vs_cpu_roundtrip": 10.523045639403525,
    "triton_preallocated_vs_torch_gpu": 3.6907895946142593
  },
  "rounds": 40,
  "schema_version": 1,
  "shape": {
    "batch": 1,
    "dtype": "float16",
    "temperature": 0.8,
    "top_k": 50,
    "top_p": 0.9,
    "vocab": 151936
  },
  "torch_gpu_topk_topp_from_uniform": {
    "median_ms": 0.2872319966554642,
    "p10_ms": 0.2734079957008362,
    "p90_ms": 0.319487988948822,
    "samples_ms": [
      0.2887679934501648,
      0.34508800506591797,
      0.2949120104312897,
      0.27852800488471985,
      0.3112959861755371,
      0.2805759906768799,
      0.27750399708747864,
      0.3041279911994934,
      0.28569599986076355,
      0.2734079957008362,
      0.29286399483680725,
      0.2959359884262085,
      0.2744320034980774,
      0.27033600211143494,
      0.319487988948822,
      0.2826240062713623,
      0.2682879865169525,
      0.29900801181793213,
      0.2744320034980774,
      0.27136000990867615,
      0.2969599962234497,
      0.29900801181793213,
      0.2734079957008362,
      0.3246079981327057,
      0.2908160090446472,
      0.2754560112953186,
      0.2969599962234497,
      0.2908160090446472,
      0.2744320034980774,
      0.2764799892902374,
      0.3102720081806183,
      0.27955201268196106,
      0.2744320034980774,
      0.34406399726867676,
      0.289792001247406,
      0.27955201268196106,
      0.3184640109539032,
      0.2805759906768799,
      0.2805759906768799,
      0.32256001234054565
    ]
  },
  "triton_topk_topp_from_uniform": {
    "median_ms": 0.09830400347709656,
    "p10_ms": 0.09625600278377533,
    "p90_ms": 0.10751999914646149,
    "samples_ms": [
      0.10444799810647964,
      0.10444799810647964,
      0.10444799810647964,
      0.1085439994931221,
      0.11059200018644333,
      0.10342399775981903,
      0.10239999741315842,
      0.09932799637317657,
      0.09830400347709656,
      0.09830400347709656,
      0.09728000313043594,
      0.10444799810647964,
      0.09830400347709656,
      0.09728000313043594,
      0.09728000313043594,
      0.09830400347709656,
      0.09625600278377533,
      0.09728000313043594,
      0.09728000313043594,
      0.10444799810647964,
      0.09830400347709656,
      0.09830400347709656,
      0.09728000313043594,
      0.09625600278377533,
      0.09625600278377533,
      0.09728000313043594,
      0.09625600278377533,
      0.12083200365304947,
      0.10751999914646149,
      0.1013759970664978,
      0.09830400347709656,
      0.09728000313043594,
      0.09728000313043594,
      0.09523200243711472,
      0.09625600278377533,
      0.11673600226640701,
      0.1013759970664978,
      0.09625600278377533,
      0.09523200243711472,
      0.0942080020904541
    ]
  },
  "triton_topk_topp_from_uniform_preallocated": {
    "median_ms": 0.07782399654388428,
    "p10_ms": 0.07680000364780426,
    "p90_ms": 0.08191999793052673,
    "samples_ms": [
      0.08089599758386612,
      0.0798719972372055,
      0.0798719972372055,
      0.08191999793052673,
      0.07884799689054489,
      0.07884799689054489,
      0.0798719972372055,
      0.07782399654388428,
      0.07782399654388428,
      0.07782399654388428,
      0.07782399654388428,
      0.07680000364780426,
      0.07782399654388428,
      0.08294399827718735,
      0.07884799689054489,
      0.07782399654388428,
      0.07782399654388428,
      0.07884799689054489,
      0.07680000364780426,
      0.07680000364780426,
      0.07782399654388428,
      0.07782399654388428,
      0.07680000364780426,
      0.08191999793052673,
      0.08499199897050858,
      0.08191999793052673,
      0.07782399654388428,
      0.07782399654388428,
      0.07782399654388428,
      0.07782399654388428,
      0.07782399654388428,
      0.07782399654388428,
      0.07680000364780426,
      0.08191999793052673,
      0.0798719972372055,
      0.07782399654388428,
      0.07782399654388428,
      0.07884799689054489,
      0.0798719972372055,
      0.07884799689054489
    ]
  },
  "warmup": 20
}
