{
  "cpu_roundtrip_topk_topp_from_uniform": {
    "median_ms": 0.8063714485615492,
    "p10_ms": 0.771102961152792,
    "p90_ms": 0.8207778446376324,
    "samples_ms": [
      0.8207778446376324,
      0.8115870878100395,
      0.8249678649008274,
      0.7776261772960424,
      0.7881699129939079,
      0.8061900734901428,
      0.7890530396252871,
      0.8167701307684183,
      0.8142418228089809,
      0.830301083624363,
      0.7485130336135626,
      0.8006449788808823,
      0.8315839804708958,
      0.8120320271700621,
      0.8088778704404831,
      0.7445160299539566,
      0.8340119384229183,
      0.7974340114742517,
      0.7823980413377285,
      0.8115929085761309,
      0.8059542160481215,
      0.7653140928596258,
      0.7987250573933125,
      0.8136311080306768,
      0.7820141036063433,
      0.8065528236329556,
      0.771102961152792,
      0.8089279290288687,
      0.7953429594635963,
      0.8145589381456375,
      0.8100438863039017,
      0.8176199626177549,
      0.7973231840878725,
      0.7682889699935913,
      0.8029548916965723,
      0.8133149240165949,
      0.812675105407834,
      0.7968398276716471,
      0.8201480377465487,
      0.7734289392828941
    ]
  },
  "flashinfer": {
    "available": true,
    "flashinfer_cuda_env": {
      "changed": true,
      "cuda_home": "/home/hhai/venvs/vllm-l20/lib/python3.12/site-packages/nvidia/cu13",
      "nvcc": "/home/hhai/venvs/vllm-l20/lib/python3.12/site-packages/nvidia/cu13/bin/nvcc",
      "nvcc_version": "nvcc: NVIDIA (R) Cuda compiler driver\nCopyright (c) 2005-2025 NVIDIA Corporation\nBuilt on Wed_Aug_20_01:58:59_PM_PDT_2025\nCuda compilation tools, release 13.0, V13.0.88\nBuild cuda_13.0.r13.0/compiler.36424714_0"
    },
    "flashinfer_topk_topp_from_logits": {
      "median_ms": 0.11776000261306763,
      "p10_ms": 0.11673600226640701,
      "p90_ms": 0.1228799968957901,
      "samples_ms": [
        0.12800000607967377,
        0.12185599654912949,
        0.11878400295972824,
        0.11776000261306763,
        0.11878400295972824,
        0.12390399724245071,
        0.11875200271606445,
        0.11776000261306763,
        0.11776000261306763,
        0.11776000261306763,
        0.11673600226640701,
        0.11673600226640701,
        0.1228799968957901,
        0.11776000261306763,
        0.11776000261306763,
        0.1228799968957901,
        0.11878400295972824,
        0.11776000261306763,
        0.11673600226640701,
        0.12185599654912949,
        0.11878400295972824,
        0.11673600226640701,
        0.11673600226640701,
        0.11673600226640701,
        0.11673600226640701,
        0.1157120019197464,
        0.12697599828243256,
        0.11878400295972824,
        0.11673600226640701,
        0.11776000261306763,
        0.11776000261306763,
        0.1157120019197464,
        0.11776000261306763,
        0.11673600226640701,
        0.11980800330638885,
        0.11673600226640701,
        0.11878400295972824,
        0.12083200365304947,
        0.11776000261306763,
        0.11776000261306763
      ]
    },
    "flashinfer_version": "0.6.12"
  },
  "hardware": "NVIDIA L20",
  "launch": {
    "block_vocab": 1024,
    "blocks_per_row": 149,
    "num_stages": 1,
    "num_warps": 4,
    "strategy": "two_stage_topk_topp_from_uniform"
  },
  "ratios": {
    "triton_preallocated_speedup_vs_flashinfer": 1.25,
    "triton_preallocated_vs_cpu_roundtrip": 8.559479350674577,
    "triton_preallocated_vs_torch_gpu": 3.043478274623738
  },
  "rounds": 40,
  "schema_version": 1,
  "shape": {
    "batch": 1,
    "dtype": "float16",
    "temperature": 0.8,
    "top_k": 50,
    "top_p": 0.9,
    "vocab": 151936
  },
  "torch_gpu_topk_topp_from_uniform": {
    "median_ms": 0.28672000765800476,
    "p10_ms": 0.2744320034980774,
    "p90_ms": 0.30822399258613586,
    "samples_ms": [
      0.2877439856529236,
      0.2764799892902374,
      0.30720001459121704,
      0.30822399258613586,
      0.2805759906768799,
      0.3092480003833771,
      0.27955201268196106,
      0.2764799892902374,
      0.3051519989967346,
      0.28672000765800476,
      0.2734079957008362,
      0.3020800054073334,
      0.3031040132045746,
      0.289792001247406,
      0.2969599962234497,
      0.28569599986076355,
      0.2744640111923218,
      0.2744320034980774,
      0.30003198981285095,
      0.2754879891872406,
      0.2764799892902374,
      0.3102720081806183,
      0.3112959861755371,
      0.28569599986076355,
      0.31334400177001953,
      0.2826240062713623,
      0.2744320034980774,
      0.3020800054073334,
      0.2949120104312897,
      0.2815999984741211,
      0.30003198981285095,
      0.3031040132045746,
      0.28672000765800476,
      0.2969599962234497,
      0.28467199206352234,
      0.2744320034980774,
      0.28672000765800476,
      0.2959359884262085,
      0.2744320034980774,
      0.28467199206352234
    ]
  },
  "triton_topk_topp_from_uniform": {
    "median_ms": 0.11161600053310394,
    "p10_ms": 0.10956799983978271,
    "p90_ms": 0.11980800330638885,
    "samples_ms": [
      0.12697599828243256,
      0.11776000261306763,
      0.11366400122642517,
      0.11980800330638885,
      0.11673600226640701,
      0.1157120019197464,
      0.11369600147008896,
      0.11980800330638885,
      0.11264000087976456,
      0.11161600053310394,
      0.1085439994931221,
      0.11059200018644333,
      0.10956799983978271,
      0.10956799983978271,
      0.12083200365304947,
      0.11776000261306763,
      0.11161600053310394,
      0.11161600053310394,
      0.11059200018644333,
      0.11264000087976456,
      0.11059200018644333,
      0.1085439994931221,
      0.11878400295972824,
      0.11161600053310394,
      0.11059200018644333,
      0.11878400295972824,
      0.11264000087976456,
      0.10956799983978271,
      0.11161600053310394,
      0.12390399724245071,
      0.1157120019197464,
      0.11161600053310394,
      0.11059200018644333,
      0.10956799983978271,
      0.10956799983978271,
      0.11161600053310394,
      0.11161600053310394,
      0.11878400295972824,
      0.11366400122642517,
      0.11059200018644333
    ]
  },
  "triton_topk_topp_from_uniform_preallocated": {
    "median_ms": 0.0942080020904541,
    "p10_ms": 0.09216000139713287,
    "p90_ms": 0.09932799637317657,
    "samples_ms": [
      0.10342399775981903,
      0.10035199671983719,
      0.09625600278377533,
      0.09625600278377533,
      0.0942080020904541,
      0.0942080020904541,
      0.09318400174379349,
      0.09523200243711472,
      0.09318400174379349,
      0.10649599879980087,
      0.09523200243711472,
      0.09523200243711472,
      0.09318400174379349,
      0.09318400174379349,
      0.0942080020904541,
      0.09318400174379349,
      0.09318400174379349,
      0.09113600105047226,
      0.09932799637317657,
      0.0942080020904541,
      0.09318400174379349,
      0.09622400254011154,
      0.09830400347709656,
      0.0942080020904541,
      0.09216000139713287,
      0.09830400347709656,
      0.09216000139713287,
      0.10035199671983719,
      0.0942080020904541,
      0.0942080020904541,
      0.09318400174379349,
      0.09216000139713287,
      0.09113600105047226,
      0.09216000139713287,
      0.09318400174379349,
      0.09932799637317657,
      0.09625600278377533,
      0.0942080020904541,
      0.09728000313043594,
      0.09830400347709656
    ]
  },
  "warmup": 20
}
