{
  "cpu_roundtrip_topk_topp_from_uniform": {
    "median_ms": 1.5971859684213996,
    "p10_ms": 1.5764350537210703,
    "p90_ms": 1.6190540045499802,
    "samples_ms": [
      1.5994601417332888,
      1.6190540045499802,
      1.5926409978419542,
      1.6134788747876883,
      1.6192281618714333,
      1.6003260388970375,
      1.5764350537210703,
      1.6010790131986141,
      1.5850900672376156,
      1.6180961392819881,
      1.5996152069419622,
      1.609513070434332,
      1.6091030556708574,
      1.6890810802578926,
      1.5845817979425192,
      1.6111701261252165,
      1.5878889244049788,
      1.5836430247873068,
      1.572498120367527,
      1.5969008672982454,
      1.5974710695445538,
      1.579575939103961,
      1.5703670214861631,
      1.5815328806638718,
      1.5579878818243742,
      1.632639905437827,
      1.586075872182846,
      1.592374173924327,
      1.5900339931249619,
      1.6118788626044989
    ]
  },
  "hardware": "NVIDIA L20",
  "launch": {
    "block_vocab": 2048,
    "blocks_per_row": 75,
    "num_stages": 1,
    "num_warps": 8,
    "strategy": "two_stage_topk_topp_from_uniform"
  },
  "ratios": {
    "triton_preallocated_vs_cpu_roundtrip": 15.143222768562664,
    "triton_preallocated_vs_torch_gpu": 2.5242718885532374
  },
  "rounds": 30,
  "schema_version": 1,
  "shape": {
    "batch": 4,
    "dtype": "float16",
    "temperature": 0.8,
    "top_k": 50,
    "top_p": 0.9,
    "vocab": 151936
  },
  "torch_gpu_topk_topp_from_uniform": {
    "median_ms": 0.2662400007247925,
    "p10_ms": 0.25088000297546387,
    "p90_ms": 0.28672000765800476,
    "samples_ms": [
      0.2693119943141937,
      0.2887679934501648,
      0.28569599986076355,
      0.27033600211143494,
      0.28467199206352234,
      0.27136000990867615,
      0.26316800713539124,
      0.25702399015426636,
      0.28672000765800476,
      0.26316800713539124,
      0.26316800713539124,
      0.29388800263404846,
      0.2662400007247925,
      0.2539519965648651,
      0.2539519965648651,
      0.27238398790359497,
      0.2539519965648651,
      0.24985599517822266,
      0.289792001247406,
      0.26214399933815,
      0.24780799448490143,
      0.2662400007247925,
      0.27750399708747864,
      0.25088000297546387,
      0.2457599937915802,
      0.2805759906768799,
      0.2764799892902374,
      0.26009601354599,
      0.2662400007247925,
      0.2662400007247925
    ]
  },
  "triton_topk_topp_from_uniform": {
    "median_ms": 0.12339199706912041,
    "p10_ms": 0.12083200365304947,
    "p90_ms": 0.12902399897575378,
    "samples_ms": [
      0.13414399325847626,
      0.1454080045223236,
      0.12595200538635254,
      0.12390399724245071,
      0.12492799758911133,
      0.12390399724245071,
      0.1228799968957901,
      0.12185599654912949,
      0.12902399897575378,
      0.12492799758911133,
      0.12390399724245071,
      0.1228799968957901,
      0.12185599654912949,
      0.11980800330638885,
      0.12083200365304947,
      0.12902399897575378,
      0.1228799968957901,
      0.13414399325847626,
      0.12390399724245071,
      0.12390399724245071,
      0.12185599654912949,
      0.12083200365304947,
      0.12697599828243256,
      0.12185599654912949,
      0.12185599654912949,
      0.12083200365304947,
      0.12083200365304947,
      0.12083200365304947,
      0.1228799968957901,
      0.12595200538635254
    ]
  },
  "triton_topk_topp_from_uniform_preallocated": {
    "median_ms": 0.10547199845314026,
    "p10_ms": 0.10444799810647964,
    "p90_ms": 0.1085439994931221,
    "samples_ms": [
      0.11161600053310394,
      0.10751999914646149,
      0.10547199845314026,
      0.10547199845314026,
      0.1085439994931221,
      0.10547199845314026,
      0.10444799810647964,
      0.10547199845314026,
      0.10547199845314026,
      0.10342399775981903,
      0.10444799810647964,
      0.10547199845314026,
      0.10956799983978271,
      0.10547199845314026,
      0.10342399775981903,
      0.10444799810647964,
      0.10444799810647964,
      0.10444799810647964,
      0.10444799810647964,
      0.10444799810647964,
      0.10956799983978271,
      0.10547199845314026,
      0.10444799810647964,
      0.1085439994931221,
      0.10547199845314026,
      0.10444799810647964,
      0.10547199845314026,
      0.10444799810647964,
      0.1085439994931221,
      0.10547199845314026
    ]
  },
  "warmup": 15
}
