{
  "cpu_roundtrip_topk_topp_from_uniform": {
    "median_ms": 14.47883143555373,
    "p10_ms": 14.366646995767951,
    "p90_ms": 14.62995307520032,
    "samples_ms": [
      14.41122591495514,
      14.555886154994369,
      14.401060994714499,
      14.489433960989118,
      14.43314808420837,
      14.239782001823187,
      14.445659006014466,
      14.401426073163748,
      14.426580863073468,
      14.684590045362711,
      14.468228910118341,
      14.380839886143804,
      14.520633965730667,
      14.598225941881537,
      14.438019134104252,
      14.358973130583763,
      14.398328959941864,
      14.43515787832439,
      14.298668829724193,
      14.442224986851215,
      14.593761879950762,
      14.562502969056368,
      14.366646995767951,
      14.406254980713129,
      14.602773124352098,
      14.577934052795172,
      14.322957955300808,
      15.34539507701993,
      14.534427085891366,
      14.525381149724126,
      14.49547684751451,
      14.498880133032799,
      14.708104077726603,
      14.6166009362787,
      14.543976867571473,
      14.423158019781113,
      14.62995307520032,
      14.582854928448796,
      14.635702827945352,
      14.426785986870527
    ]
  },
  "flashinfer": {
    "available": true,
    "flashinfer_cuda_env": {
      "changed": true,
      "cuda_home": "/home/hhai/venvs/vllm-l20/lib/python3.12/site-packages/nvidia/cu13",
      "nvcc": "/home/hhai/venvs/vllm-l20/lib/python3.12/site-packages/nvidia/cu13/bin/nvcc",
      "nvcc_version": "nvcc: NVIDIA (R) Cuda compiler driver\nCopyright (c) 2005-2025 NVIDIA Corporation\nBuilt on Wed_Aug_20_01:58:59_PM_PDT_2025\nCuda compilation tools, release 13.0, V13.0.88\nBuild cuda_13.0.r13.0/compiler.36424714_0"
    },
    "flashinfer_topk_topp_from_logits": {
      "median_ms": 0.21094399690628052,
      "p10_ms": 0.2099200040102005,
      "p90_ms": 0.21606400609016418,
      "samples_ms": [
        0.22118400037288666,
        0.21401600539684296,
        0.2170879989862442,
        0.21299199759960175,
        0.21401600539684296,
        0.21299199759960175,
        0.21094399690628052,
        0.2088959962129593,
        0.22835199534893036,
        0.21606400609016418,
        0.21094399690628052,
        0.2088959962129593,
        0.2099200040102005,
        0.21503999829292297,
        0.21094399690628052,
        0.2099200040102005,
        0.2099200040102005,
        0.21503999829292297,
        0.2099200040102005,
        0.2099200040102005,
        0.2099200040102005,
        0.21503999829292297,
        0.21094399690628052,
        0.2088959962129593,
        0.2099200040102005,
        0.2088959962129593,
        0.21196800470352173,
        0.21094399690628052,
        0.21503999829292297,
        0.2099200040102005,
        0.21503999829292297,
        0.2099200040102005,
        0.21094399690628052,
        0.2099200040102005,
        0.21503999829292297,
        0.21094399690628052,
        0.21094399690628052,
        0.21094399690628052,
        0.2242559939622879,
        0.2109760046005249
      ]
    },
    "flashinfer_version": "0.6.12"
  },
  "hardware": "NVIDIA L20",
  "launch": {
    "block_vocab": 1024,
    "blocks_per_row": 149,
    "num_stages": 1,
    "num_warps": 4,
    "strategy": "two_stage_topk_topp_from_uniform"
  },
  "ratios": {
    "triton_preallocated_speedup_vs_flashinfer": 0.3752276884412094,
    "triton_preallocated_vs_cpu_roundtrip": 25.75498013961728,
    "triton_preallocated_vs_torch_gpu": 0.5500910859789723
  },
  "rounds": 40,
  "schema_version": 1,
  "shape": {
    "batch": 64,
    "dtype": "float16",
    "temperature": 0.8,
    "top_k": 50,
    "top_p": 0.9,
    "vocab": 151936
  },
  "torch_gpu_topk_topp_from_uniform": {
    "median_ms": 0.3092480003833771,
    "p10_ms": 0.30720001459121704,
    "p90_ms": 0.3112959861755371,
    "samples_ms": [
      0.31539198756217957,
      0.3092480003833771,
      0.3112959861755371,
      0.3112959861755371,
      0.3092480003833771,
      0.31228798627853394,
      0.3092480003833771,
      0.30822399258613586,
      0.30822399258613586,
      0.3092480003833771,
      0.30720001459121704,
      0.30720001459121704,
      0.3112959861755371,
      0.30822399258613586,
      0.3102720081806183,
      0.3092480003833771,
      0.30617600679397583,
      0.30822399258613586,
      0.3092480003833771,
      0.3092480003833771,
      0.3102720081806183,
      0.31334400177001953,
      0.30822399258613586,
      0.3092480003833771,
      0.30822399258613586,
      0.3092480003833771,
      0.30720001459121704,
      0.3102720081806183,
      0.30720001459121704,
      0.3112959861755371,
      0.3112959861755371,
      0.30720001459121704,
      0.3112959861755371,
      0.30822399258613586,
      0.30723199248313904,
      0.3092159926891327,
      0.30822399258613586,
      0.3112959861755371,
      0.30617600679397583,
      0.3123199939727783
    ]
  },
  "triton_topk_topp_from_uniform": {
    "median_ms": 0.5816320180892944,
    "p10_ms": 0.5775359869003296,
    "p90_ms": 0.5857279896736145,
    "samples_ms": [
      0.5980160236358643,
      0.5887680053710938,
      0.5785599946975708,
      0.5836799740791321,
      0.5857279896736145,
      0.5847039818763733,
      0.5836799740791321,
      0.5785599946975708,
      0.5806080102920532,
      0.5826560258865356,
      0.5816320180892944,
      0.5826560258865356,
      0.5857279896736145,
      0.5806080102920532,
      0.5816320180892944,
      0.5826560258865356,
      0.5816320180892944,
      0.5816320180892944,
      0.5765119791030884,
      0.5826560258865356,
      0.5816320180892944,
      0.5826560258865356,
      0.5816320180892944,
      0.5775359869003296,
      0.5816320180892944,
      0.5826560258865356,
      0.5806080102920532,
      0.5806080102920532,
      0.5765119791030884,
      0.5816320180892944,
      0.5816320180892944,
      0.5806080102920532,
      0.5888000130653381,
      0.5754879713058472,
      0.5816320180892944,
      0.5847039818763733,
      0.5826560258865356,
      0.5816320180892944,
      0.5765119791030884,
      0.5816320180892944
    ]
  },
  "triton_topk_topp_from_uniform_preallocated": {
    "median_ms": 0.562175989151001,
    "p10_ms": 0.5591040253639221,
    "p90_ms": 0.5652480125427246,
    "samples_ms": [
      0.5652480125427246,
      0.5631999969482422,
      0.5601279735565186,
      0.562175989151001,
      0.562175989151001,
      0.562175989151001,
      0.5631999969482422,
      0.5591040253639221,
      0.5631999969482422,
      0.5939199924468994,
      0.5611519813537598,
      0.5631999969482422,
      0.562175989151001,
      0.562175989151001,
      0.5601279735565186,
      0.5631999969482422,
      0.562175989151001,
      0.5631999969482422,
      0.562175989151001,
      0.5591040253639221,
      0.5631999969482422,
      0.5631999969482422,
      0.562175989151001,
      0.562175989151001,
      0.5580800175666809,
      0.5611519813537598,
      0.5601279735565186,
      0.5631999969482422,
      0.562175989151001,
      0.5611519813537598,
      0.5631999969482422,
      0.5580800175666809,
      0.5703679919242859,
      0.567296028137207,
      0.5601279735565186,
      0.562175989151001,
      0.5591040253639221,
      0.5611519813537598,
      0.5652480125427246,
      0.5591040253639221
    ]
  },
  "warmup": 20
}
